CPB,IMDB_TCONST,IMDB_GENRES,IMDB_RUNTIME,IMDB_RATING,IMDB_VOTES
B0400102700000,tt0112381,Drama,91.0,6.1,159.0
B0400059500000,tt0118674,"Drama,Western",93.0,7.3,553.0
B0600547500000,tt0189415,"Crime,Drama",85.0,5.8,40.0
B0500298800000,tt0113466,Drama,100.0,6.1,125.0
B0500444400000,tt0117418,"Biography,Drama",116.0,6.7,425.0
B0500263900000,tt0117910,"Comedy,Drama,Romance",140.0,6.5,1146.0
B0400052500000,tt0139075,"Biography,Drama",85.0,6.7,88.0
B0500313900000,tt0288464,Action,104.0,5.0,40.0
B0500403400000,tt0137546,"Comedy,Romance,War",95.0,6.3,270.0
B0500262300000,tt0268337,Drama,100.0,6.6,18.0
B0500321300000,tt0243393,Drama,100.0,5.7,20.0
B1101390800000,tt0158789,Drama,82.0,6.3,82.0
B0800842700000,tt0118815,"Action,Drama",120.0,6.6,95.0
B0500311300000,tt0138364,"Biography,Documentary",87.0,7.3,45.0
B0600508700000,tt0239770,Drama,91.0,6.5,72.0
B0500261200000,tt0222715,Drama,100.0,7.4,136.0
B0600520300000,tt0144085,"Adventure,Drama,War",107.0,7.0,184.0
B0400055300000,tt0222760,Drama,110.0,6.5,151.0
B0500286200000,tt0174481,Drama,76.0,7.2,435.0
B0300023600000,tt0235208,"Documentary,Music",102.0,7.0,30.0
B0600556000000,tt0121118,"Comedy,Sport",93.0,7.3,562.0
B0700724300000,tt0173651,"Drama,Romance",103.0,6.9,99.0
B0500311600000,tt0189509,Drama,95.0,5.4,192.0
B0500242600000,tt0237456,Family,85.0,5.1,319.0
B0800853700000,tt0280422,Romance,85.0,5.4,13.0
B0800834800000,tt0197049,"Drama,Fantasy",120.0,7.0,119.0
B0800854000000,tt0140656,"Adventure,Family",93.0,4.3,121.0
B0600534900000,tt0237004,Drama,82.0,6.0,130.0
B0500304300000,tt0144940,Documentary,91.0,8.1,53.0
B0500363900000,tt0235449,"Drama,Horror,Romance",75.0,7.0,577.0
B0600561200000,tt0166635,"Biography,Drama,History",92.0,6.6,405.0
B0800822000000,tt0183613,"Crime,Drama,Music",110.0,5.6,997.0
B0500307600000,tt0166851,Drama,104.0,7.1,293.0
B0500336400000,tt0228964,"Comedy,Family",80.0,3.4,403.0
B0600450400000,tt0217109,Drama,109.0,6.5,130.0
B0600460600000,tt0192743,Drama,100.0,6.7,227.0
B0500309600000,tt0275915,"Comedy,Drama,Romance",98.0,6.6,1151.0
B0500254900000,tt0263064,Documentary,73.0,8.0,9.0
B0500309800000,tt0263124,Drama,74.0,7.7,7421.0
B0500386700000,tt0180837,"Comedy,Drama,Romance",95.0,6.3,1924.0
B0700637600000,tt0263156,"Drama,War",104.0,6.8,341.0
B0500312000000,tt0262345,Drama,86.0,4.9,45.0
B0700686200000,tt0212897,"Crime,Drama",101.0,6.9,703.0
B0500301000000,tt0297986,Documentary,73.0,7.7,718.0
B0500312100000,tt0263748,Drama,88.0,7.1,78.0
B0600575000000,tt0311541,"Documentary,Music",105.0,6.6,286.0
B0300011200000,tt0228685,"Drama,Fantasy,Romance",97.0,6.5,366.0
B0800819200000,tt0245034,Documentary,65.0,6.9,163.0
B0500247700000,tt0258902,"Crime,Drama",100.0,6.5,63.0
B0400132100000,tt0245547,"Biography,Drama,Music",132.0,6.4,305.0
B0300009600000,tt0304513,"Comedy,Romance",93.0,4.9,439.0
B0500309900000,tt0294349,Crime,120.0,6.2,351.0
B0500309700000,tt0241683,"Comedy,Romance",80.0,6.7,143.0
B0500310000000,tt0286560,"Comedy,Drama",90.0,6.2,268.0
B0200001300000,tt0293086,Drama,101.0,7.0,568.0
B0300001600000,tt0350804,"Comedy,Drama,Fantasy",110.0,6.0,2804.0
B0200001000000,tt0314009,"Comedy,Drama,Music",96.0,7.1,1451.0
B1201554100000,tt0264590,Drama,100.0,5.9,48.0
B0500210500000,tt0296635,Documentary,92.0,7.0,47.0
B0500276200000,tt0319504,,75.0,5.3,31.0
B0300008800000,tt0317887,"Biography,Crime,Drama",105.0,7.0,3414.0
B0500314000000,tt0284345,"Action,Drama,War",102.0,6.8,197.0
B0500293500000,tt0347935,Documentary,80.0,8.0,23.0
B0300004700000,tt0171928,"Comedy,Crime",124.0,6.6,1309.0
B0500186600000,tt0294543,"Adventure,Comedy,Family",90.0,2.3,746.0
B0400055700000,tt0387798,"Comedy,Documentary",72.0,5.4,201.0
B0300010000000,tt0333074,Drama,103.0,6.7,2642.0
B0300002800000,tt0317248,"Crime,Drama",130.0,8.6,867461.0
B0400145800000,tt0335054,Drama,100.0,6.7,502.0
B0500353400000,tt0466783,"Drama,Family",80.0,6.0,30.0
B0300046600000,tt0383373,Drama,106.0,5.3,275.0
B0600513700000,tt0303408,"Drama,Thriller",97.0,7.1,2021.0
B0500308800000,tt0330790,Drama,102.0,7.0,132.0
B0300003400000,tt0332734,Drama,95.0,7.2,82.0
B0800903600000,tt0339618,,85.0,6.8,20.0
B0200000400000,tt0334316,"Comedy,Thriller",90.0,5.9,197.0
B0500255100000,tt0334329,"Comedy,Family,Romance",116.0,7.2,211.0
B0400050100000,tt0376873,Comedy,90.0,5.2,756.0
B0300029800000,tt0297402,Drama,120.0,6.4,112.0
B0600549900000,tt0264117,"Drama,Music,Romance",80.0,7.4,95.0
B0500312900000,tt0327205,Drama,92.0,6.6,321.0
B0500293200000,tt0327206,Drama,95.0,6.8,98.0
B0300026000000,tt0304906,Comedy,94.0,4.7,124.0
B0300029600000,tt0294543,"Adventure,Comedy,Family",90.0,2.3,746.0
B0300002200000,tt0356220,Documentary,72.0,7.5,46.0
B0400128700000,tt0421631,Drama,105.0,5.5,68.0
B0400152400000,tt0380165,"Adventure,Drama,Sci-Fi",103.0,3.4,501.0
B0300039900000,tt0381868,Comedy,109.0,6.7,57.0
B0400126800000,tt12709128,Documentary,60.0,,
B0400053800000,tt0342097,Drama,109.0,6.0,353.0
B0300007900000,tt0379199,"Drama,Romance",85.0,6.5,1310.0
B0300006200000,tt0293007,"Crime,Drama",145.0,7.6,24611.0
B0300004300000,tt1782406,Documentary,,,
B0300004100000,tt0356490,"Comedy,Romance",119.0,5.9,152.0
B0300040300000,tt0377747,Drama,87.0,6.8,190.0
B0300020800000,tt0371642,Drama,91.0,5.4,309.0
B0400087700000,tt2120058,Drama,105.0,,
B0300023400000,tt0368726,Drama,116.0,4.9,340.0
B0300041300000,tt0395568,Drama,100.0,5.5,36.0
B0300002900000,tt0312773,"Action,Crime,Drama",105.0,7.1,3301.0
B0300002700000,tt0367859,"Comedy,Crime,Drama",124.0,7.6,12601.0
B0500437900000,tt6791564,Documentary,52.0,,
B0400085500000,tt0397491,Documentary,100.0,7.3,309.0
B0300019500000,tt0367975,"Comedy,Romance",106.0,7.6,7932.0
B0300034800000,tt0380531,Drama,107.0,4.5,211.0
B0500216600000,tt0488760,Documentary,72.0,7.4,10.0
B0300005800000,tt0355809,Drama,100.0,7.4,895.0
B0400052300000,tt0399412,"Animation,Drama,Thriller",85.0,6.6,1043.0
B0400054400000,tt0402417,"Crime,Drama,Mystery",98.0,6.7,1037.0
B0300040400000,tt0407085,"Comedy,Drama",103.0,6.1,70.0
B0300021600000,tt0351459,Comedy,93.0,6.8,2854.0
B0500239900000,tt14781630,Documentary,51.0,,
B0300041500000,tt0354087,"Comedy,Crime,Romance",90.0,4.5,512.0
B1500496800000,tt33504069,Documentary,,,
B0300050000000,tt0399811,"Comedy,Drama,Music",97.0,2.5,206.0
B0300040900000,tt0413451,Drama,120.0,5.9,176.0
B0400055000000,tt0356220,Documentary,72.0,7.5,46.0
B0400163000000,tt0439997,Documentary,105.0,7.1,25.0
B0400127100000,tt0395994,"Comedy,Drama,Romance",84.0,6.5,773.0
B0500377400000,tt0457076,"Comedy,Drama,Romance",89.0,7.6,643.0
B0600461400000,tt0847154,Drama,92.0,7.0,1242.0
B0400129700000,tt0439460,Comedy,91.0,6.5,164.0
B0500251200000,tt0456854,Drama,108.0,6.8,129.0
B0500250700000,tt0373747,Drama,115.0,7.4,3504.0
B0400168800000,tt0429743,"Comedy,Romance",90.0,6.2,1205.0
B0400081100000,tt0318590,"Biography,Drama,Music",98.0,6.9,4673.0
B0400096900000,tt0427086,"Comedy,Romance",90.0,5.9,157.0
B0400066300000,tt0395978,"Crime,Drama",95.0,6.4,465.0
B0500370500000,tt0456117,"Comedy,Horror",106.0,5.9,791.0
B0400129500000,tt0440270,Comedy,108.0,6.3,301.0
B0400102600000,tt0419684,"Comedy,Drama,Family",86.0,2.8,532.0
B0500294600000,tt0477164,Drama,94.0,6.2,142.0
B0500376500000,tt6679028,Documentary,73.0,8.5,6.0
B0400085800000,tt0371977,Drama,110.0,6.1,47.0
B0500209900000,tt0427221,Documentary,121.0,8.1,787.0
B0400142200000,tt0466786,Documentary,92.0,6.9,78.0
B0600494700000,tt0895774,"Family,Fantasy",80.0,6.8,26.0
B0400121700000,tt0425139,Drama,105.0,4.4,80.0
B0400170600000,tt0416979,"Adventure,Comedy",87.0,6.6,3164.0
B0700679600000,tt0498071,Drama,88.0,3.3,35.0
B0400097900000,tt0196811,"Biography,Drama,History",141.0,6.5,3984.0
B0400102900000,tt0424374,Drama,102.0,6.9,674.0
B0400126400000,tt0328316,"Drama,Fantasy",100.0,6.9,1133.0
B0400146400000,tt0436784,Documentary,90.0,7.3,447.0
B0400129900000,tt0383001,"Adventure,Family,Fantasy",76.0,5.2,288.0
B0600522500000,tt0859643,Drama,95.0,5.8,50.0
B0400171000000,tt0371586,Drama,101.0,7.1,201.0
B0400154400000,tt0445095,"Adventure,Comedy,Family",105.0,2.8,371.0
B0500388300000,tt0431615,Drama,100.0,6.8,600.0
B0600514100000,tt5008340,Documentary,73.0,8.1,23.0
B0500323500000,tt0807702,Crime,102.0,5.9,267.0
B0500431600000,tt0856775,"Drama,Romance",92.0,6.7,62.0
B0600490200000,tt0477159,Drama,72.0,7.4,85.0
B0500440200000,tt0442753,"Action,Comedy,Musical",86.0,5.5,32.0
B0500265000000,tt0456899,Drama,98.0,6.5,4813.0
B0500255500000,tt0373760,"Adventure,Drama",99.0,7.3,3346.0
B0500281700000,tt0480667,Comedy,97.0,4.9,76.0
B0500324300000,tt0478525,Drama,87.0,6.1,395.0
B0600467200000,tt0469751,"Comedy,Romance",108.0,7.1,95.0
B0600496100000,tt0945547,Documentary,72.0,7.4,32.0
B0500282100000,tt0473475,Documentary,96.0,7.9,79.0
B0600471300000,tt0473478,Documentary,96.0,4.3,7.0
B0500441200000,tt0492967,Drama,110.0,6.4,258.0
B0600566800000,tt0808266,Comedy,73.0,6.3,307.0
B0500378800000,tt0796979,Documentary,110.0,7.7,214.0
B0500222600000,tt0325444,"Drama,Romance",131.0,6.5,93.0
B0600467100000,tt0495033,Comedy,93.0,5.0,129.0
B0500220600000,tt0457052,"Comedy,Romance",93.0,5.6,163.0
B0500439200000,tt0828568,Documentary,71.0,7.3,103.0
B0500365600000,tt0487711,Documentary,85.0,7.1,20.0
B0500183300000,tt1528786,"Drama,Family",88.0,6.4,40.0
B0500433800000,tt0423024,Drama,107.0,5.7,45.0
B0600592800000,tt0792983,Documentary,70.0,6.8,208.0
B0600568300000,tt2040450,Documentary,52.0,,
B0600555300000,tt1319731,Documentary,89.0,7.8,278.0
B0500238500000,tt0458074,Drama,110.0,7.2,652.0
B0500334900000,tt0457123,Drama,97.0,5.6,151.0
B0500442900000,tt1127713,Drama,80.0,7.4,18.0
B0500433200000,tt0448927,"Comedy,Fantasy",108.0,6.1,6291.0
B0600470800000,tt0922605,Documentary,135.0,7.8,213.0
B0500438700000,tt0810096,Comedy,100.0,7.1,606.0
B0500256500000,tt1555367,"Drama,Fantasy",147.0,6.2,12.0
B0600471600000,tt1239321,Documentary,81.0,7.2,28.0
B0500444500000,tt0452744,"Comedy,Horror",76.0,4.3,220.0
B0500385000000,tt0473562,Documentary,110.0,7.5,52.0
B0500433700000,tt0496595,"Animation,Family,Musical",85.0,2.8,761.0
B0500438300000,tt0488811,Documentary,80.0,7.2,30.0
B0600599800000,tt0337564,"Comedy,Musical,Romance",100.0,6.0,96.0
B0700764700000,tt0799788,Drama,106.0,7.0,356.0
B0700641700000,tt0871896,"Adventure,Animation,Comedy",80.0,7.3,816.0
B0600527900000,tt0492869,"Drama,Musical",90.0,6.4,447.0
B0700670500000,tt0765431,Documentary,75.0,6.9,35.0
B0600599600000,tt0478978,"Drama,History",110.0,7.1,809.0
B0901126600000,tt1205903,"Action,Crime,Mystery",86.0,4.1,153.0
B0600602300000,tt3343120,"Animation,Comedy,Family",77.0,7.3,50.0
B0700648000000,tt0997039,Comedy,90.0,6.1,422.0
B0600509100000,tt0870987,Drama,95.0,6.6,72.0
B0700659300000,tt1068642,"Documentary,History,War",77.0,7.0,12.0
B0700656800000,tt1018706,Drama,82.0,6.7,484.0
B0600587200000,tt0841175,Drama,90.0,7.1,2411.0
B0600628200000,tt3648008,Documentary,89.0,8.1,85.0
B0700680500000,tt0886487,Documentary,90.0,7.6,139.0
B0700643600000,tt2057394,Documentary,94.0,6.9,17.0
B0700752900000,tt6449218,,,,
B0700676500000,tt1068648,Documentary,86.0,8.7,7.0
B0700680400000,tt1068650,Drama,90.0,4.8,140.0
B0600539200000,tt27367835,Documentary,94.0,,
B0600477800000,tt0438916,Comedy,80.0,4.7,233.0
B0700670400000,tt1438492,Documentary,90.0,7.5,305.0
B0600502500000,tt0339382,"Action,Comedy,Drama",117.0,6.1,114.0
B0600546700000,tt0489772,Comedy,108.0,5.9,476.0
B0600459900000,tt0446407,Drama,113.0,6.7,68.0
B0600604600000,tt0973822,Documentary,92.0,7.4,252.0
B0600623600000,tt1478282,"Adventure,Drama,History",95.0,5.6,33.0
B0600552200000,tt0438329,Drama,99.0,6.8,317.0
B0600504400000,tt0926215,,87.0,6.5,25.0
B0600572700000,tt0857355,Drama,110.0,7.3,6921.0
B0600616600000,tt1169137,Family,90.0,3.4,200.0
B0700652000000,tt0489458,"Comedy,Drama",112.0,7.3,6012.0
B0700638200000,tt1320087,"Biography,Documentary",80.0,7.3,21.0
B0700748600000,tt0933033,"Comedy,Fantasy",106.0,6.6,1162.0
B0700632300000,tt0488893,Drama,100.0,6.1,73.0
B0800833500000,tt4741616,Drama,83.0,,
B0600538400000,tt0388333,Documentary,76.0,7.4,75.0
B0800820100000,tt0498075,Documentary,77.0,7.8,59.0
B0700650300000,tt0798732,"Comedy,Drama",82.0,5.4,191.0
B0901002100000,tt1446136,Drama,100.0,6.7,58.0
B0700714700000,tt0827778,"Drama,Romance",106.0,5.8,606.0
B0600593100000,tt0945383,Drama,88.0,6.7,468.0
B0600578000000,tt6448700,,,,
B0700749900000,tt0856810,Drama,71.0,4.6,21.0
B0600535300000,tt0473679,"Drama,Romance",93.0,5.5,122.0
B0600587800000,tt0402505,"Drama,Mystery,Romance",115.0,6.6,893.0
B0600552000000,tt0846109,Comedy,83.0,6.1,467.0
B0700655500000,tt0166871,"Comedy,Drama",135.0,6.7,148.0
B0600616500000,tt0936504,"Action,Drama,Family",82.0,2.3,324.0
B0600535800000,tt0481254,"Biography,Drama,History",108.0,6.9,1136.0
B0700678800000,tt1033465,Drama,96.0,6.0,88.0
B0700722200000,tt0984175,Drama,92.0,6.9,688.0
B0700746500000,tt1058027,Drama,86.0,5.9,295.0
B0800839000000,tt2015288,Documentary,80.0,7.0,96.0
B0800880800000,tt1043835,"Crime,Drama,Thriller",145.0,6.3,2470.0
B0800826700000,tt0977642,"Drama,Musical,Romance",95.0,7.2,544.0
B0700691900000,tt0870090,"Crime,Drama",106.0,7.2,16885.0
B0800842100000,tt0488515,"Drama,Romance",116.0,5.4,295.0
B0700799500000,tt1828155,Documentary,103.0,7.9,39.0
B0700773900000,tt14463498,Documentary,58.0,,
B0800953200000,tt1959367,Documentary,75.0,7.2,7.0
B0700758900000,tt1018710,Drama,92.0,6.2,174.0
B0800841700000,tt2334613,Documentary,85.0,8.6,6.0
B0700752700000,tt0793413,Comedy,103.0,6.4,697.0
B0700777200000,tt1039960,"Comedy,Crime,Drama",113.0,7.8,9860.0
B0800840400000,tt1059921,"Comedy,Drama",105.0,6.8,644.0
B0700739300000,tt1183901,"Comedy,Drama",76.0,6.6,65.0
B0700664600000,tt1361317,"Adventure,Animation,Comedy",76.0,8.3,113.0
B0700735100000,tt31969456,Comedy,75.0,,
B0700644000000,tt0933036,Documentary,93.0,7.5,100.0
B0700651400000,tt1346972,Documentary,100.0,7.7,51.0
B0700758700000,tt1165293,"Documentary,Drama",100.0,8.4,1603.0
B0700761400000,tt1116944,"Drama,Musical",104.0,5.8,244.0
B1001312200000,tt1331316,Drama,92.0,6.4,70.0
B0700719300000,tt1185608,Drama,80.0,6.2,61.0
B0700721300000,tt0848596,Drama,95.0,7.0,606.0
B0700661700000,tt0432988,Drama,90.0,6.9,823.0
B0700767100000,tt6447438,,,,
B0700766800000,tt0857177,"Action,Drama",97.0,4.7,384.0
B0700688200000,tt0826110,"Adventure,Crime,Mystery",98.0,6.8,474.0
B0700802200000,tt1119162,Drama,95.0,6.1,312.0
B0800850500000,tt6447454,,,,
B0700801600000,tt1111931,"Adventure,Mystery",135.0,6.2,94.0
B0800839700000,tt0456122,"Drama,Musical",139.0,6.1,472.0
B0700807900000,tt1245665,"Adventure,Comedy,Family",80.0,6.2,64.0
B0800827400000,tt2245047,Documentary,80.0,8.5,15.0
B0700810200000,tt1183692,"Comedy,Family",83.0,6.2,107.0
B1600695300000,tt19817612,Documentary,94.0,,
B0901091100000,tt14488764,Documentary,74.0,,
B0700696000000,tt0907134,Comedy,112.0,7.5,4389.0
B0700778100000,tt0882782,"Drama,Thriller",90.0,6.7,180.0
B1101397900000,tt1510932,"Crime,Documentary",94.0,7.4,147.0
B0700759000000,tt0861739,"Action,Crime,Drama",115.0,8.0,119048.0
B0800852600000,tt1773823,Documentary,58.0,7.4,26.0
B0700798700000,tt1146300,"Action,Adventure,Family",86.0,2.3,252.0
B0700757200000,tt11043512,Documentary,50.0,6.6,8.0
B0700653200000,tt0895777,"Comedy,Drama",96.0,6.4,2750.0
B0800873400000,tt6423538,"Documentary,Sport",85.0,7.1,14.0
B0901007400000,tt2160448,Family,75.0,7.8,104.0
B0900982500000,tt1270631,Drama,80.0,6.0,336.0
B0800866000000,tt1136609,Drama,115.0,6.1,472.0
B0800937100000,tt36355749,Documentary,96.0,,
B0800902000000,tt1149597,Comedy,85.0,4.9,166.0
B0901010800000,tt1236397,"Comedy,Fantasy",105.0,6.3,4254.0
B1301756900000,tt1679529,Comedy,99.0,5.6,23.0
B0800953500000,tt0446564,"Biography,Drama",87.0,5.6,111.0
B0800855500000,tt1345451,"Drama,Romance",104.0,5.7,68.0
B1001260400000,tt1650394,Drama,104.0,5.8,188.0
B0800891600000,tt0842675,"Adventure,Drama,Romance",99.0,5.6,230.0
B0800899200000,tt0831904,Comedy,95.0,5.2,500.0
B0901013900000,tt1430076,Documentary,,7.3,23.0
B0901043200000,tt1191112,Documentary,71.0,7.1,112.0
B0900979600000,tt11228986,Documentary,123.0,,
B0901000100000,tt37256716,Documentary,,,
B0800934800000,tt1048150,Drama,81.0,5.1,56.0
B0901003500000,tt1066433,"Comedy,Drama,Musical",90.0,7.7,23.0
B0800951000000,tt0478860,Comedy,90.0,4.6,129.0
B0800890100000,tt0082328,Horror,94.0,5.9,1927.0
B0800947000000,tt1288641,"Adventure,Comedy,Fantasy",88.0,5.2,526.0
B0800956800000,tt1111895,Drama,100.0,6.1,161.0
B0800889600000,tt1174691,"Drama,Romance",117.0,7.0,1530.0
B0800966100000,tt0463311,"Drama,Thriller",91.0,3.3,467.0
B0800888300000,tt1264083,Drama,100.0,6.4,462.0
B0900999100000,tt1341166,"Drama,Fantasy,Horror",80.0,5.1,143.0
B0900991000000,tt1262985,Documentary,110.0,7.4,251.0
B0901117100000,tt1252605,Drama,102.0,6.4,154.0
B0800959700000,tt1405775,"Comedy,Drama",85.0,7.1,75.0
B0800855600000,tt15708782,Drama,,,
B0800888700000,tt1226244,Mystery,81.0,5.4,32.0
B0800890900000,tt2015456,Documentary,72.0,6.8,39.0
B0800964000000,tt1670262,"Animation,Family",86.0,5.6,123.0
B0800877500000,tt1248882,"Action,Adventure,Comedy",102.0,2.7,206.0
B0900987100000,tt1334026,"Adventure,Drama,Western",95.0,5.5,575.0
B0901024100000,tt4733024,Documentary,105.0,7.4,10.0
B0800895200000,tt1275952,Documentary,88.0,7.9,76.0
B0800885900000,tt12521846,Documentary,75.0,,
B0800838700000,tt0929784,Drama,95.0,6.2,104.0
B0901059800000,tt2301726,Documentary,106.0,6.9,20.0
B0800917000000,tt1312241,Documentary,86.0,7.9,109.0
B0800891400000,tt1112732,Documentary,71.0,7.9,53.0
B1201566400000,tt14256384,Drama,80.0,,
B0800958700000,tt1099227,"Comedy,Fantasy",96.0,5.6,3398.0
B0900993400000,tt1849866,"Adventure,Documentary",88.0,7.7,18.0
B0901101600000,tt3575914,Documentary,81.0,8.3,99.0
B0901022100000,tt1223932,Drama,80.0,6.9,666.0
B0800925800000,tt1388412,"Documentary,Music",100.0,7.5,161.0
B0901098400000,tt1945217,Comedy,80.0,6.2,91.0
B1402092200000,tt6792258,Documentary,,,
B0800959100000,tt1392261,"Crime,Drama",90.0,6.6,497.0
B0800902300000,tt1305091,Thriller,105.0,6.8,75.0
B0800959200000,tt1424733,Documentary,84.0,6.4,8.0
B0800914800000,tt1280567,"Crime,Drama,Thriller",110.0,7.1,5886.0
B1101441600000,tt1646957,Drama,106.0,5.3,118.0
B1001302600000,tt1622567,"Documentary,Romance",85.0,7.3,39.0
B1101396800000,tt1662615,Drama,95.0,6.9,65.0
B1001236800000,tt3561206,Comedy,84.0,6.7,19.0
B0901121200000,tt1465474,"Drama,Family",104.0,7.0,332.0
B1001172500000,tt1054677,"Comedy,Drama",100.0,7.2,1715.0
B1001164600000,tt1517615,"Biography,Documentary,Sport",99.0,7.3,17.0
B1001191000000,tt2391060,Documentary,81.0,7.0,27.0
B1001214400000,tt1735853,Drama,100.0,6.2,574.0
B0901102500000,tt0814062,Drama,100.0,5.9,73.0
B1001303400000,tt1365470,Drama,117.0,6.2,400.0
B1500199100000,tt1129444,Romance,120.0,5.4,15.0
B0901078400000,tt1314272,Comedy,104.0,,
B1001205900000,tt12345874,Documentary,,7.4,12.0
B1001192900000,tt1362543,Drama,100.0,5.1,125.0
B1001211600000,tt1532945,"Biography,Documentary,Drama",110.0,8.1,409.0
B0901070100000,tt37286864,Documentary,84.0,,
B0901062900000,tt1511537,Drama,100.0,6.4,169.0
B0901091900000,tt2500792,Documentary,150.0,8.0,14.0
B0901035900000,tt1568829,Documentary,94.0,7.5,52.0
B1001136000000,tt1439229,"Comedy,Family,Musical",90.0,3.2,164.0
B0901020100000,tt0989007,"Biography,Drama",93.0,6.3,1393.0
B1001321100000,tt1186357,"Biography,Drama,History",106.0,6.0,1204.0
B0901041200000,tt1843212,Documentary,78.0,7.0,112.0
B1001282000000,tt1781866,Comedy,92.0,5.3,1252.0
B1101378300000,tt1522189,Drama,92.0,6.7,174.0
B0901027100000,tt1072436,Drama,113.0,5.8,94.0
B1001236300000,tt1410297,Comedy,107.0,6.4,648.0
B1201569100000,tt2491520,Drama,80.0,6.6,28.0
B1001318100000,tt1784570,"Documentary,Music",72.0,7.5,25.0
B1001143200000,tt1483795,Drama,101.0,6.6,805.0
B0901090500000,tt1522232,Drama,103.0,6.7,229.0
B0901071800000,tt1205004,"Drama,Romance",83.0,6.2,181.0
B1001296100000,tt5177302,Documentary,77.0,,
B1302031200000,tt1269704,Documentary,85.0,7.7,75.0
B0901072300000,tt1526306,"Crime,Drama,Thriller",119.0,6.3,569.0
B1001182000000,tt0439801,Action,85.0,3.5,340.0
B1001160300000,tt1513914,Drama,85.0,6.3,816.0
B1001162900000,tt1483807,,74.0,7.4,29.0
B0901039400000,tt1552638,Drama,,7.4,23.0
B0901010400000,tt1866285,Documentary,84.0,7.6,21.0
B1001312000000,tt1714160,"Comedy,Drama",90.0,5.4,23.0
B1101350700000,tt1401681,"Comedy,Family,Romance",90.0,6.8,288.0
B1001187000000,tt3515418,Documentary,120.0,8.5,76.0
B0901083500000,tt1500761,Drama,75.0,7.2,1297.0
B0901096800000,tt1576703,"Action,Adventure,Family",82.0,2.9,498.0
B0901015000000,tt1016321,Drama,97.0,6.7,3151.0
B0901108700000,tt1134860,"Drama,Romance,Thriller",89.0,6.8,672.0
B1001283500000,tt1720038,Drama,121.0,5.2,346.0
B1101509900000,tt1756386,Documentary,74.0,,
B1101362100000,tt2104852,Drama,100.0,7.1,60.0
B1201604900000,tt1322266,"Comedy,Drama",111.0,6.2,236.0
B1101383200000,tt11093682,Documentary,99.0,8.0,16.0
B1001256000000,tt2160085,Documentary,87.0,7.7,40.0
B1101385900000,tt2261265,Drama,,4.3,21.0
B1101438900000,tt2973808,"Documentary,Family",75.0,,
B1101348300000,tt1825692,"Adventure,Animation,Comedy",75.0,5.7,170.0
B1001298800000,tt1679538,"Crime,Drama",93.0,6.7,425.0
B1101347100000,tt1587828,"Biography,Drama",109.0,6.2,8752.0
B1402087200000,tt37287324,Documentary,48.0,,
B1201630700000,tt1753648,Drama,106.0,6.9,53.0
B1101413800000,tt1827391,"Biography,Documentary,Drama",108.0,7.8,79.0
B1101457300000,tt2271409,Drama,84.0,7.3,24.0
B1001318000000,tt1789810,"Biography,Documentary",117.0,8.2,2568.0
B1001317800000,tt12641046,Documentary,72.0,6.4,7.0
B1001290000000,tt1702002,Drama,83.0,5.9,127.0
B1001288800000,tt1518211,"Adventure,Drama,Family",98.0,7.2,128.0
B1001344800000,tt2437816,Drama,100.0,6.7,10.0
B1001259400000,tt1467388,"Drama,Fantasy",103.0,6.5,4083.0
B1001205400000,tt1846683,Drama,103.0,5.9,57.0
B1101457200000,tt12186156,Documentary,118.0,6.4,12.0
B1101427400000,tt2027178,"Adventure,Comedy,Fantasy",106.0,7.0,7855.0
B1402693700000,tt6385028,History,80.0,,
B1001320600000,tt1398399,"Drama,Thriller",90.0,5.3,79.0
B1101460700000,tt3792210,Drama,132.0,5.4,16.0
B1101509000000,tt2102396,Drama,96.0,6.3,3790.0
B1301916600000,tt8237880,Drama,90.0,7.0,14.0
B1201567700000,tt1784599,"Documentary,Music",128.0,7.9,955.0
B1101438000000,tt1252516,Drama,90.0,6.3,381.0
B1001271700000,tt7031058,Documentary,90.0,8.7,45.0
B1001324700000,tt2357347,Documentary,89.0,,
B1700012400000,tt1617205,Drama,82.0,8.2,8.0
B1001298600000,tt1688465,Documentary,89.0,7.5,80.0
B1001251100000,tt12669684,Documentary,,8.8,15.0
B1101426200000,tt1686328,"Drama,Horror,Mystery",99.0,6.6,1094.0
B1001229000000,tt1754803,"Documentary,Music",85.0,7.7,503.0
B1001311200000,tt2071650,Documentary,109.0,7.8,66.0
B1001330400000,tt1235548,"Biography,Crime,Drama",95.0,6.6,3534.0
B1101366300000,tt1997594,Documentary,72.0,7.2,434.0
B1101377300000,tt3456124,"Horror,Mystery",90.0,5.8,37.0
B1301869200000,tt2168334,History,114.0,5.9,32.0
B1101405200000,tt2737624,Documentary,88.0,6.5,60.0
B1101537900000,tt2399493,"Biography,Documentary,Music",84.0,7.7,245.0
B1101460800000,tt2390985,Comedy,75.0,5.8,252.0
B1101510300000,tt2144824,Documentary,83.0,8.7,10.0
B1101520600000,tt2139601,"Documentary,Music",90.0,7.9,309.0
B1101377100000,tt1882041,Drama,90.0,6.4,598.0
B1101449600000,tt1579223,"Action,Crime,Thriller",101.0,5.9,2614.0
B1201565800000,tt1753455,Drama,100.0,,
B1301934600000,tt2363105,Documentary,70.0,,
B1201564400000,tt2015338,"Documentary,Family",80.0,5.9,18.0
B1201613900000,tt2279238,"Documentary,Drama,Family",71.0,2.9,12.0
B1101413400000,tt2006109,Comedy,90.0,4.5,140.0
B1301795000000,tt2926790,Comedy,100.0,5.2,142.0
B1201558400000,tt2044009,"Drama,Music",90.0,7.0,145.0
B1302053700000,tt2161938,"Comedy,Family",91.0,4.1,55.0
B1201622800000,tt2357958,"Biography,Documentary",100.0,4.7,3514.0
B1101491600000,tt6419694,Drama,74.0,,
B1301982200000,tt12825572,Documentary,53.0,7.5,11.0
B1101438800000,tt2106575,Comedy,99.0,5.4,288.0
B1101490600000,tt1725057,Drama,83.0,6.5,459.0
B1201626900000,tt2634236,"Documentary,History,Thriller",77.0,8.1,507.0
B1101424800000,tt3740010,Documentary,72.0,8.0,19.0
B1101515000000,tt14504282,Documentary,84.0,,
B1101505000000,tt2238879,Documentary,77.0,6.3,57.0
B1101491200000,tt2016959,"Drama,Romance",80.0,6.1,765.0
B1201554600000,tt2200926,Documentary,87.0,7.5,12.0
B1101460100000,tt2113739,Drama,103.0,5.2,21.0
B1301936500000,tt4945560,Documentary,72.0,,
B1101431800000,tt1730133,"Comedy,Romance",95.0,5.7,1041.0
B1201571600000,tt6419520,Documentary,74.0,,
B1301808000000,tt27607485,Documentary,,,
B1101521000000,tt2237158,"Comedy,Drama",94.0,6.0,69.0
B1201659300000,tt2180545,Documentary,71.0,7.2,9.0
B1201593600000,tt2066141,Comedy,90.0,3.4,502.0
B1101519400000,tt2189250,Comedy,96.0,6.1,28.0
B1101513100000,tt2548300,Documentary,62.0,6.5,9.0
B1101526700000,tt2157079,"Documentary,Music,Romance",78.0,7.7,152.0
B1201666700000,tt2550692,Drama,89.0,7.0,194.0
B1301761800000,tt3366710,Documentary,52.0,5.9,23.0
B1201629200000,tt2244720,"Biography,Documentary,History",88.0,7.8,58.0
B1201670700000,tt2323954,"Adventure,Comedy,Drama",85.0,5.4,48.0
B1201645500000,tt2177126,Drama,83.0,5.7,46.0
B1201627800000,tt3342056,"Adventure,Animation,Comedy",83.0,7.5,44.0
B1201659200000,tt1528280,"Action,Adventure,Drama",114.0,5.7,21.0
B1201671000000,tt1883291,"Drama,Thriller",72.0,5.4,114.0
B1201660900000,tt1179259,"Adventure,Comedy,Drama",94.0,6.5,1166.0
B1301902700000,tt2363349,Drama,85.0,6.5,702.0
B1201622100000,tt6449930,,,,
B1301990000000,tt36050764,Documentary,,,
B1201676800000,tt2296709,"Comedy,Romance",115.0,5.8,1486.0
B1201652600000,tt2141697,"Action,Crime,Thriller",78.0,5.5,165.0
B1201682700000,tt2545046,"Comedy,Drama",77.0,5.7,37.0
B1201704900000,tt1857686,Biography,52.0,,
B1201574300000,tt4360488,Romance,82.0,,
B1201642000000,tt1663661,Drama,91.0,6.1,783.0
B1201682400000,tt18261046,"Documentary,Musical",,,
B1301755800000,tt2217022,"Biography,Documentary,Family",75.0,6.5,31.0
B1201646900000,tt2333630,Documentary,76.0,5.2,35.0
B1201647100000,tt2478746,"Biography,Drama,Music",120.0,7.5,1612.0
B1301945700000,tt2764388,Drama,92.0,5.9,101.0
B1402146400000,tt2440728,Documentary,94.0,6.6,30.0
B1201616800000,tt2156632,Drama,105.0,6.3,131.0
B1201628500000,tt2275885,"Comedy,Family",90.0,4.6,209.0
B1500149400000,tt1637990,"Drama,Thriller",94.0,6.5,75.0
B1301926100000,tt2861532,"Crime,Drama,Thriller",101.0,7.4,5989.0
B1201636000000,tt2925942,"Drama,Musical",97.0,6.5,107.0
B1201698500000,tt2190367,"Drama,Thriller",131.0,7.1,9619.0
B1201681100000,tt0452664,Comedy,88.0,5.3,1108.0
B1302041500000,tt3280768,"Biography,Documentary,History",79.0,6.9,38.0
B1201656300000,tt5235162,"Adventure,Animation,Family",95.0,8.1,51.0
B1301772600000,tt2263224,"Documentary,Drama,Family",94.0,6.8,17.0
B1302031600000,tt2463692,"Drama,Horror,Musical",108.0,6.2,831.0
B1201571700000,tt2317696,"Documentary,Drama,History",92.0,7.7,96.0
B1301784200000,tt2182032,"Documentary,News",104.0,5.7,13.0
B1301797400000,tt2900590,Documentary,87.0,,
B1201554700000,tt2146356,Documentary,96.0,7.7,33.0
B1301917000000,tt2211808,Comedy,84.0,3.6,225.0
B1301754000000,tt3506292,Documentary,118.0,7.0,6.0
B1301836900000,tt2140381,"Action,Crime,Drama",120.0,7.0,2014.0
B1402202200000,tt5609526,Documentary,100.0,8.1,9.0
B1201686200000,tt6419660,,,,
B1201639800000,tt2153963,"Drama,Romance",118.0,7.3,7930.0
B1402168700000,tt3791560,Documentary,84.0,7.2,46.0
B1201600900000,tt1497880,"Documentary,Music",87.0,7.3,670.0
B1201667100000,tt6419450,,,,
B1201667800000,tt2917830,"Biography,Documentary",86.0,,
B1301877200000,tt3174300,Documentary,83.0,6.5,16.0
B1302047400000,tt1878844,"Biography,Documentary,Music",86.0,,
B1301910400000,tt2355346,Drama,102.0,6.9,275.0
B1700452100000,tt2428824,"Biography,History,Romance",98.0,6.1,785.0
B1402089600000,tt5866814,Documentary,84.0,,
B1302035000000,tt3148528,Comedy,102.0,5.1,1828.0
B1402117800000,tt5831162,Documentary,91.0,9.3,15.0
B1402300400000,tt2986122,"Drama,Romance",90.0,6.7,823.0
B1301899900000,tt2332712,Drama,95.0,6.4,106.0
B1301984500000,tt2758700,"Biography,Documentary,History",85.0,7.2,209.0
B1402227100000,tt5242080,History,90.0,,
B1302000200000,tt2938008,Comedy,110.0,3.6,618.0
B1500018400000,tt3096778,"Biography,Documentary,Music",120.0,8.3,386.0
B1402086800000,tt3120448,"Romance,Sci-Fi",94.0,7.0,64.0
B1301938500000,tt4116398,Documentary,91.0,8.0,70.0
B1301935400000,tt2390460,Drama,80.0,6.9,99.0
B1301998600000,tt3062922,"Documentary,Drama",90.0,7.7,208.0
B1402091800000,tt3129920,Drama,125.0,5.2,70.0
B1500019700000,tt5794222,"Drama,Western",120.0,7.0,16.0
B1301899200000,tt3652622,"Documentary,Drama",103.0,7.4,51.0
B1600772200000,tt3652622,"Documentary,Drama",103.0,7.4,51.0
B1301938400000,tt2210527,Drama,96.0,6.4,56.0
B1301940300000,tt3034258,"Comedy,Romance",102.0,5.8,2629.0
B1302050600000,tt2216536,Comedy,90.0,4.9,445.0
B1402126100000,tt5529600,Drama,70.0,5.8,14.0
B1402201100000,tt3006814,"Biography,Drama,Music",112.0,5.6,731.0
B1301837200000,tt2616114,Comedy,86.0,4.7,1114.0
B1402214200000,tt3422390,Drama,95.0,6.5,318.0
B1402086100000,tt12192784,Documentary,84.0,6.7,13.0
B1301781700000,tt2928842,"Comedy,Romance",92.0,5.6,310.0
B1302060500000,tt3726156,"Biography,Documentary",101.0,7.8,75.0
B1302033700000,tt3072174,Drama,98.0,6.7,45.0
B1700084600000,tt3375524,"Biography,Documentary,Drama",73.0,7.2,33.0
B1402118500000,tt2919776,"Biography,Documentary",100.0,7.5,20.0
B1600341600000,tt6238922,Documentary,77.0,,
B1402089400000,tt4574628,Documentary,89.0,7.0,6.0
B1301740400000,tt6447654,,,,
B1402122500000,tt3655598,Drama,85.0,5.8,41.0
B1301943500000,tt3559258,"Action,Drama,Fantasy",81.0,6.2,31.0
B1402269500000,tt1456606,"Comedy,Drama,Fantasy",110.0,5.2,2400.0
B1302034400000,tt2974644,Drama,79.0,5.8,129.0
B1402106900000,tt3035582,"Comedy,Romance",94.0,5.7,983.0
B1402133100000,tt2827688,"Crime,Drama",88.0,6.1,103.0
B1301969600000,tt2140381,"Action,Crime,Drama",120.0,7.0,2014.0
B1402151100000,tt3406920,"Biography,Documentary,History",96.0,7.6,39.0
B1301963900000,tt2165082,"Documentary,Sport",80.0,6.9,27.0
B1402280500000,tt3134058,"Biography,Drama,Music",140.0,7.2,3170.0
B1500269700000,tt3092456,Drama,84.0,7.5,58.0
B1402294200000,tt1921149,"Adventure,Crime,Drama",114.0,7.1,23606.0
B1402505600000,tt2783490,Drama,84.0,,
B1402229600000,tt27566996,Documentary,102.0,,
B1500140000000,tt15763178,Documentary,83.0,,
B1402296700000,tt3451254,Drama,117.0,6.7,109.0
B1402085500000,tt14799770,Documentary,72.0,,
B1402372600000,tt3463250,Drama,90.0,7.4,155.0
B1402149200000,tt2392343,"Biography,Drama,Sport",107.0,5.6,185.0
B1402126900000,tt4536936,Documentary,,7.9,11.0
B1402307700000,tt5605728,"Drama,Musical,Western",99.0,6.5,145.0
B1402723400000,tt4299406,Comedy,90.0,4.8,275.0
B1500265900000,tt4084566,"Biography,Documentary,History",75.0,6.9,36.0
B1402781000000,tt3956754,"Adventure,Biography,Crime",92.0,6.3,165.0
B1500404600000,tt5850588,"Documentary,Drama",95.0,7.1,176.0
B1402081900000,tt3527550,"Action,Crime,Drama",112.0,6.1,1473.0
B1402480200000,tt4093828,Drama,100.0,4.8,100.0
B1500451800000,tt4301200,"Fantasy,History,Music",75.0,7.9,28.0
B1500276200000,tt4118056,Drama,87.0,6.3,204.0
B1402203900000,tt3847420,Documentary,93.0,7.8,28.0
B1402144900000,tt3300382,"Crime,Documentary,Family",77.0,6.7,16.0
B1402750200000,tt3300382,"Crime,Documentary,Family",77.0,6.7,16.0
B1600340900000,tt4127548,"Drama,Mystery,Thriller",126.0,6.3,176.0
B1402145700000,tt3666526,Comedy,109.0,4.1,578.0
B1500614800000,tt5317568,Drama,88.0,,
B1402183000000,tt4633984,"Documentary,History,Sport",90.0,7.9,128.0
B1500335800000,tt4194984,Comedy,93.0,5.1,126.0
B1402150700000,tt2789926,"Comedy,Drama,Romance",92.0,5.3,308.0
B1402161500000,tt3745772,"Biography,Documentary,Music",79.0,7.8,98.0
B1402130700000,tt1384925,"Drama,Western",101.0,5.2,991.0
B1402707600000,tt3395532,"Drama,Romance",78.0,7.1,59.0
B1500388300000,tt3953892,"Biography,Documentary,Drama",94.0,,
B1402094700000,tt1702014,"Drama,Romance",96.0,7.9,29466.0
B1402185500000,tt5796726,Drama,82.0,6.8,14.0
B1402233800000,tt2391094,"Horror,Mystery,Thriller",86.0,5.3,567.0
B1402107400000,tt3121734,"Action,Crime,Drama",80.0,4.1,129.0
B1402115000000,tt3470762,"Comedy,Crime,Drama",94.0,5.4,197.0
B1402243500000,tt3101632,Comedy,89.0,4.0,134.0
B1402543500000,tt3742398,Comedy,96.0,5.0,149.0
B1402261200000,tt12669516,Documentary,,,
B1402825200000,tt6197460,Comedy,97.0,6.4,47.0
B1402380600000,tt4167524,"Biography,Drama",94.0,6.2,228.0
B1500257400000,tt4975468,"Drama,Musical",90.0,5.4,14.0
B1402260600000,tt4083076,Comedy,110.0,5.6,1439.0
B1402192100000,tt4340222,Comedy,93.0,5.0,87.0
B1402189800000,tt12641132,Documentary,110.0,,
B1402235800000,tt14781430,Documentary,71.0,,
B1402245600000,tt4128662,"Adventure,Family",86.0,7.0,80.0
B1402197800000,tt3445484,"Comedy,Drama,Family",100.0,6.8,324.0
B1500897000000,tt3379372,"Comedy,Romance",82.0,4.3,240.0
B1500018100000,tt4029806,"Adventure,Documentary",52.0,,
B1402408400000,tt5998860,"Documentary,Sport",92.0,8.2,12.0
B1500339400000,tt4058952,"Comedy,Romance",90.0,6.0,86.0
B1402297300000,tt10699654,Documentary,85.0,,
B1500138300000,tt4338276,"Drama,Romance",106.0,6.5,788.0
B1600730100000,tt3912238,Drama,104.0,6.7,73.0
B1402719200000,tt5151144,Drama,97.0,6.2,233.0
B1500166700000,tt4899718,"Biography,Documentary,Music",108.0,8.4,85.0
B1402173200000,tt3727096,"Crime,Documentary,Drama",89.0,8.0,80.0
B1500091200000,tt3653518,Comedy,123.0,5.5,331.0
B1500071300000,tt6533312,Documentary,80.0,7.3,7.0
B1402189700000,tt3661582,Documentary,84.0,7.3,8.0
B1402215300000,tt3650606,"Biography,Documentary",98.0,7.3,24.0
B1500150200000,tt4972904,"Drama,Music",102.0,6.7,948.0
B1402241100000,tt3668960,Comedy,101.0,4.7,281.0
B1600181500000,tt5466056,Drama,99.0,6.4,455.0
B1600680500000,tt6788980,Documentary,72.0,6.5,17.0
B1500710900000,tt4724278,Drama,98.0,7.9,11.0
B1600296800000,tt3627990,"Documentary,Drama",78.0,7.4,38.0
B1700428000000,tt4959972,Drama,99.0,5.2,212.0
B1600180400000,tt11432384,Drama,90.0,,
B1600464000000,tt4621286,"Documentary,Musical",110.0,,
B1600096000000,tt5841300,"Comedy,Romance",88.0,4.7,39.0
B1500904200000,tt3148528,Comedy,102.0,5.1,1828.0
B1500840400000,tt4006906,"Comedy,Romance",91.0,5.2,306.0
B1500712100000,tt5535604,Documentary,90.0,7.8,22.0
B1500798600000,tt4899406,Drama,101.0,6.8,3678.0
B1500584100000,tt5794118,Documentary,52.0,,
B1500562900000,tt4953554,Documentary,80.0,,
B1500340300000,tt4532634,"Drama,Romance",85.0,7.0,910.0
B1500542500000,tt4532704,Drama,98.0,6.6,73.0
B1500453100000,tt4588050,"Comedy,Family",83.0,5.3,552.0
B1500777500000,tt5251348,Documentary,70.0,7.8,460.0
B1600115500000,tt6351892,Documentary,104.0,8.3,33.0
B1500723200000,tt4975844,Documentary,90.0,6.9,16.0
B1500559900000,tt8031064,"Biography,Documentary",76.0,8.1,48.0
B1600192300000,tt4183372,"Comedy,Romance",113.0,6.9,328.0
B1600454400000,tt4019666,"Comedy,Romance",94.0,4.8,184.0
B1500558500000,tt3108662,"Action,Comedy,Drama",77.0,5.0,119.0
B1500183700000,tt3765088,"Comedy,Drama,Fantasy",100.0,6.7,2327.0
B1600492200000,tt15255066,Documentary,83.0,,
B1500865900000,tt4719202,Drama,94.0,6.6,117.0
B1700544600000,tt4592408,Documentary,91.0,6.9,62.0
B1600472500000,tt4177596,Drama,81.0,6.6,17.0
B1600116800000,tt5321646,Biography,90.0,7.8,20.0
B1500253700000,tt4095870,Documentary,92.0,9.0,9.0
B1500498600000,tt6212712,Documentary,90.0,7.5,7.0
B1500643000000,tt4955038,Drama,95.0,5.6,38.0
B1500575600000,tt4092686,"Biography,Documentary",105.0,7.1,317.0
B1600294500000,tt3918584,"Action,Biography,Drama",107.0,7.1,2189.0
B1500240200000,tt5204834,Documentary,87.0,7.6,9.0
B1500661200000,tt5256044,Drama,101.0,6.6,575.0
B1500543700000,tt5532160,"Comedy,Drama",86.0,6.3,175.0
B1600047300000,tt9826818,Documentary,70.0,,
B1500837400000,tt4016634,"Drama,History",100.0,7.2,134.0
B1600408200000,tt5519250,"Comedy,History",90.0,6.6,663.0
B1600059500000,tt6775872,"Documentary,Drama",83.0,,
B1500448600000,tt6417676,Documentary,93.0,7.8,30.0
B1600602000000,tt6099502,"Documentary,Sport",100.0,7.6,30.0
B1600294100000,tt3784222,"Drama,Thriller",103.0,6.5,1758.0
B1500592000000,tt4075760,"Documentary,Sport",97.0,9.3,55.0
B1500689300000,tt4534160,"Comedy,Documentary",90.0,4.9,19.0
B1600368700000,tt5708172,Comedy,100.0,3.8,1539.0
B1500903400000,tt4429002,Drama,100.0,4.7,17.0
B1500562100000,tt5189386,Documentary,76.0,7.3,346.0
B1600017500000,tt5695842,Drama,73.0,5.5,43.0
B1500251700000,tt6735022,Documentary,87.0,4.1,17.0
B1600685000000,tt5259978,"Drama,Thriller",90.0,7.4,404.0
B1600536100000,tt9758112,,77.0,,
B1500654700000,tt11146692,Documentary,84.0,,
B1600068000000,tt5859458,Drama,90.0,5.1,46.0
B1500754900000,tt32535885,,,,
B1600011000000,tt5529392,Comedy,100.0,4.6,417.0
B1600305700000,tt4924082,"Comedy,Romance",92.0,5.3,264.0
B1600067600000,tt3122282,Drama,76.0,4.9,79.0
B1500654500000,tt4694404,Comedy,105.0,5.1,1166.0
B1600532800000,tt2495980,"Comedy,Family,Fantasy",86.0,2.3,2871.0
B1500585700000,tt5184580,Documentary,103.0,9.2,14.0
B1500218600000,tt4611160,Documentary,87.0,7.8,325.0
B1600603300000,tt6118820,Documentary,94.0,8.4,19.0
B1600439300000,tt5207840,"Comedy,Fantasy",95.0,4.8,123.0
B1600543700000,tt6244144,"Comedy,Sci-Fi",100.0,6.0,147.0
B1700499100000,tt9733934,Drama,73.0,4.8,25.0
B1800223100000,tt5932766,Drama,46.0,6.2,162.0
B1700175000000,tt5635808,"Comedy,Romance",91.0,5.7,831.0
B1700416900000,tt7293380,Drama,87.0,6.9,1110.0
B1600478600000,tt5221584,Drama,146.0,7.4,22042.0
B1600585300000,tt5909684,Documentary,51.0,7.4,5.0
B1600752300000,tt5922422,Drama,75.0,6.1,140.0
B1600750800000,tt8193472,Documentary,75.0,,
B1800073300000,tt6242664,"Drama,Romance",120.0,7.3,344.0
B1600352700000,tt5804126,"Comedy,Family",93.0,4.6,385.0
B1700046100000,tt3782790,Comedy,85.0,5.0,344.0
B1600710400000,tt7410400,Documentary,75.0,,
B1700258100000,tt6371834,Biography,75.0,8.0,11.0
B1600765100000,tt6096528,Drama,75.0,5.2,286.0
B1600355900000,tt5046504,"Comedy,Drama,Romance",100.0,5.7,557.0
B1700145600000,tt6247306,"Documentary,Drama",89.0,7.1,8.0
B1700243800000,tt5883632,"Drama,Romance",83.0,7.0,5731.0
B1600793500000,tt1774374,Drama,100.0,7.2,15.0
B1600534400000,tt5712864,"Biography,Documentary,Drama",89.0,7.0,8.0
B1600685100000,tt6137416,Documentary,,7.3,20.0
B1700463300000,tt5593116,"Action,Comedy",,,
B1600421600000,tt2711256,"Drama,Romance,Thriller",90.0,5.3,295.0
B1600791500000,tt7292072,Documentary,100.0,8.6,9.0
B1600442200000,tt5639362,Comedy,110.0,5.9,70.0
B1600624200000,tt6145074,Documentary,73.0,7.3,9.0
B1700248200000,tt5181270,Documentary,80.0,7.6,38.0
B1600314300000,tt4296874,"Documentary,Drama,History",75.0,7.4,67.0
B1700011400000,tt35850792,Documentary,52.0,,
B1600445600000,tt5349564,"Documentary,Sport",79.0,,
B1600280000000,tt3121724,Documentary,80.0,7.9,277.0
B1600200900000,tt5529726,Documentary,80.0,8.5,32.0
B1600716500000,tt3212812,Comedy,88.0,6.7,3893.0
B1700614000000,tt5958060,"Horror,Thriller",92.0,4.6,417.0
B1600713100000,tt5341098,"Drama,Family",82.0,6.7,228.0
B1600773600000,tt4929038,"Adventure,Drama,Mystery",117.0,6.3,3983.0
B1700159700000,tt10109932,,,8.2,12.0
B1600710700000,tt5496926,Drama,98.0,6.1,2268.0
B1600784700000,tt5259790,Comedy,93.0,4.5,186.0
B1600738500000,tt5709620,"Comedy,Family,Musical",99.0,6.4,182.0
B1600785500000,tt7043506,Documentary,74.0,,
B1600530200000,tt1352393,"Biography,Drama",107.0,6.7,1817.0
B1700107400000,tt5801550,Documentary,90.0,6.9,108.0
B1700275000000,tt1114732,Thriller,90.0,5.4,25.0
B1600757300000,tt7615756,Documentary,52.0,,
B1600604900000,tt5337480,Comedy,105.0,5.4,599.0
B1600625200000,tt11146692,Documentary,84.0,,
B1700025700000,tt8685650,,82.0,5.8,15.0
B1600483500000,tt10659466,Documentary,83.0,,
B1600436900000,tt5475002,"Comedy,Romance",100.0,6.3,330.0
B1600439700000,tt5862036,Drama,90.0,6.7,90.0
B1800033200000,tt7770022,Documentary,76.0,7.0,10.0
B1700467200000,tt21273218,Drama,86.0,,
B1800473500000,tt9149314,Documentary,82.0,7.1,32.0
B1700362500000,tt5554042,Documentary,87.0,7.0,23.0
B1700548300000,tt5863402,Drama,81.0,6.4,167.0
B1700306100000,tt6544318,"Comedy,Drama",95.0,6.7,455.0
B1700255500000,tt7296608,Documentary,75.0,8.3,10.0
B1700085300000,tt6400280,Drama,97.0,7.4,1434.0
B1700330100000,tt6293516,"Biography,Comedy,Drama",113.0,7.9,6799.0
B1700349900000,tt8514504,Documentary,86.0,7.9,9.0
B1700560500000,tt7369764,Documentary,96.0,8.0,30.0
B1700172000000,tt7323460,Documentary,71.0,7.5,29.0
B1700435100000,tt6331818,"Biography,Comedy,Documentary",78.0,8.8,35.0
B1700261200000,tt7638762,Documentary,82.0,7.9,13.0
B1700244500000,tt5813948,"Comedy,Romance",104.0,5.8,324.0
B1700488400000,tt7466600,Documentary,72.0,,
B1600789900000,tt5968964,"Biography,Comedy",92.0,4.8,523.0
B1700598000000,tt7683842,Documentary,75.0,7.7,134.0
B1700172700000,tt38708588,Documentary,,,
B1700524700000,tt8740330,"Biography,Documentary",90.0,7.2,12.0
B1700469700000,tt7487560,Documentary,75.0,7.5,36.0
B1700092500000,tt4895628,"Biography,Drama,History",97.0,6.5,612.0
B1800046600000,tt5818404,"Biography,Drama",95.0,6.9,475.0
B1700382400000,tt6424768,"Adventure,Animation,Comedy",94.0,5.6,521.0
B1700347600000,tt4733620,"Comedy,Fantasy",107.0,6.1,384.0
B1700386400000,tt6103318,Drama,106.0,5.7,231.0
B1700054100000,tt8079500,Documentary,70.0,,
B1700103500000,tt4117326,"Horror,Mystery,Thriller",90.0,5.7,421.0
B1700503500000,tt7702334,Comedy,100.0,4.1,647.0
B1700088400000,tt12749372,Documentary,82.0,7.6,7.0
B1800320400000,tt7146688,Drama,100.0,6.6,11.0
B1700242100000,tt8041618,Documentary,81.0,7.7,203.0
B1700527500000,tt7734702,"Documentary,History",70.0,,
B1700247000000,tt5642120,"Comedy,Drama",86.0,5.4,101.0
B1700178100000,tt6881452,Documentary,75.0,6.8,22.0
B1700409900000,tt6683796,"Biography,Drama",89.0,6.3,35.0
B1700194400000,tt5797820,"Drama,History",96.0,5.8,956.0
B1700508700000,tt8210704,Documentary,77.0,6.8,18.0
B1700602500000,tt6923916,"Biography,Documentary",81.0,7.4,12.0
B1800250800000,tt7524472,Documentary,105.0,6.8,15.0
B1700336900000,tt5259978,"Drama,Thriller",90.0,7.4,404.0
B1700524600000,tt10839434,"Comedy,Family,Fantasy",110.0,5.8,564.0
B1700539500000,tt8262374,Documentary,71.0,6.1,127.0
B1800235900000,tt8591986,"Action,Comedy,Crime",90.0,5.2,697.0
B1700600300000,tt6776300,Drama,86.0,5.8,130.0
B1700182900000,tt11342804,Documentary,,,
B1800380700000,tt6251504,"Drama,Sport",122.0,6.9,251.0
B1800611900000,tt6251504,"Drama,Sport",122.0,6.9,251.0
B1800547100000,tt14935928,Documentary,77.0,8.2,14.0
B1800613100000,tt7975740,Romance,86.0,7.1,20.0
B1800470600000,tt12543350,Documentary,,,
B1800598100000,tt10375042,Documentary,111.0,5.7,23.0
B1800112900000,tt14970304,,52.0,,
B1900089100000,tt5480816,"Action,Adventure,Animation",88.0,7.4,59.0
B1800073500000,tt11396812,Documentary,,,
B1800452400000,tt8647978,Documentary,75.0,,
B1800482700000,tt4857496,"Biography,Comedy,Drama",114.0,6.8,447.0
B1800340300000,tt7986760,Comedy,94.0,4.0,128.0
B1900104200000,tt9214310,"Comedy,Romance",104.0,5.4,614.0
B1800561400000,tt8709344,"Adventure,Family,Fantasy",93.0,5.8,209.0
B1800422100000,tt7862998,Drama,98.0,6.4,270.0
B1800202200000,tt15120856,Documentary,72.0,7.6,31.0
B1800547000000,tt10026730,Documentary,100.0,6.9,105.0
B1800056700000,tt7467324,Drama,100.0,6.3,712.0
B1800480100000,tt21878030,Documentary,72.0,,
B1800474200000,tt9627228,Documentary,90.0,8.0,24.0
B1800449100000,tt7943504,Drama,111.0,6.4,238.0
B1900092000000,tt10181964,"Biography,Documentary",91.0,5.8,108.0
B1800401200000,tt37598639,Documentary,87.0,,
B1800374500000,tt6202690,Drama,94.0,5.3,159.0
B1800539000000,tt8619812,Comedy,110.0,6.5,1966.0
B1800405900000,tt7986672,"Horror,Mystery,Thriller",110.0,6.2,2890.0
B1900203600000,tt9461680,"Drama,Fantasy",86.0,5.3,295.0
B1800010300000,tt6038114,Comedy,103.0,4.9,192.0
B1800501600000,tt7644878,Drama,111.0,8.2,23.0
B1800509700000,tt5977294,Documentary,98.0,9.1,50.0
B1800127700000,tt8374122,Documentary,73.0,7.4,15.0
B1800550200000,tt10700818,Documentary,84.0,8.2,28.0
B1800036200000,tt10306268,Documentary,75.0,,
B1800549200000,tt9159056,Drama,115.0,7.0,279.0
B1900076300000,tt11718262,"Documentary,Music",95.0,7.8,20.0
B1800077300000,tt9055678,Documentary,86.0,7.2,20.0
B1800517000000,tt9347584,Documentary,82.0,7.4,31.0
B1900031700000,tt8211942,"Comedy,Crime",83.0,4.7,592.0
B1900147200000,tt10298490,Documentary,85.0,8.5,13.0
B1800126800000,tt7165346,"Crime,Drama,Thriller",85.0,5.0,300.0
B1800124400000,tt5725568,Drama,96.0,6.4,65.0
B1800387000000,tt7239146,Romance,92.0,6.7,282.0
B1800116000000,tt6645182,Drama,79.0,6.8,266.0
B1800552500000,tt3636882,Documentary,85.0,8.1,8.0
B1900241900000,tt10648192,"Action,Crime,Thriller",134.0,6.2,810.0
B1900415900000,tt6891752,"Drama,Romance",90.0,6.6,37.0
B1900139400000,tt9794418,Documentary,77.0,7.6,12.0
B1900148100000,tt35675006,Documentary,75.0,,
B1900262200000,tt7986850,Documentary,92.0,7.2,74.0
B1900594800000,tt8814390,Comedy,80.0,5.9,52.0
B2000163700000,tt10471348,Documentary,77.0,6.5,10.0
B1900613600000,tt12204694,Documentary,77.0,8.1,11.0
B1900303600000,tt9114916,Documentary,87.0,6.5,9.0
B2000006500000,tt6850578,"Biography,Documentary",75.0,7.3,576.0
B1900180000000,tt8194038,"Crime,Drama",93.0,6.5,128.0
B1900390400000,tt14470852,"Biography,Documentary",80.0,,
B2000000500000,tt4857496,"Biography,Comedy,Drama",114.0,6.8,447.0
B1900542000000,tt13328314,Documentary,52.0,,
B1900386800000,tt10278930,"Biography,Drama",119.0,8.2,578.0
B1900232700000,tt8311958,"Drama,Sci-Fi",101.0,6.1,2426.0
B1900357900000,tt10584850,Documentary,85.0,6.7,172.0
B1900442300000,tt9660006,"Comedy,Family,Romance",78.0,4.9,267.0
B1900233300000,tt26787351,Documentary,,,
B2000008400000,tt8275608,Documentary,72.0,7.1,10.0
B1900448700000,tt9191254,Drama,100.0,6.5,14.0
B1900233000000,tt9067848,Drama,85.0,5.4,24.0
B1900307900000,tt9676216,Documentary,,,
B1900577700000,tt10363874,Documentary,88.0,8.0,49.0
B1900536300000,tt14274908,Documentary,70.0,7.4,13.0
B1900267800000,tt8110210,Documentary,90.0,7.1,8.0
B1900284300000,tt12018668,Documentary,72.0,,
B1900619400000,tt13268408,Documentary,70.0,,
B1900398400000,tt8631174,"Biography,Drama",112.0,6.5,660.0
B1900206200000,tt10308528,"Adventure,Drama",99.0,8.2,38.0
B1900394800000,tt15656450,Documentary,71.0,7.3,26.0
B1900477300000,tt13198028,Documentary,89.0,,
B1900453000000,tt11000988,Documentary,,,
B1900321800000,tt27656699,"Drama,Music",89.0,,
B1900576900000,tt10611372,Comedy,111.0,7.1,3372.0
B2000155000000,tt7266804,Drama,88.0,7.6,41.0
B1900435600000,tt8786106,Comedy,88.0,5.4,678.0
B1900490500000,tt8800066,Documentary,78.0,7.8,12.0
B1900253800000,tt9627016,Documentary,103.0,7.9,32.0
B1900061900000,tt8998880,"Animation,Documentary,Music",77.0,6.9,7.0
B1900331000000,tt11235886,Drama,90.0,7.3,27.0
B1900233200000,tt5228710,"Comedy,Drama,Romance",101.0,6.3,491.0
B1900401700000,tt10627858,Comedy,88.0,4.9,294.0
B1900468100000,tt13334114,Drama,110.0,5.6,65.0
B1900074200000,tt9915436,Documentary,70.0,,
B2000042900000,tt14456580,Documentary,78.0,7.4,18.0
B1900576700000,tt5739042,Documentary,75.0,7.7,82.0
B2000488900000,tt10806050,"Comedy,Family",90.0,5.7,199.0
B2000180800000,tt13437368,Documentary,82.0,7.7,23.0
B2000202000000,tt11019782,Documentary,,7.1,33.0
B2000130700000,tt13927086,Documentary,67.0,6.9,10.0
B2000454300000,tt9122672,"Comedy,Romance",81.0,6.5,153.0
B2000319700000,tt13334052,Drama,110.0,7.7,58.0
B2000327800000,tt11687852,Documentary,82.0,7.3,25.0
B2000038100000,tt6693382,Documentary,85.0,8.0,5.0
B2000110400000,tt7737964,Documentary,88.0,,
B2000183900000,tt14351556,Documentary,88.0,6.4,8.0
B2000323600000,tt15909496,Documentary,87.0,6.8,121.0
B2000151700000,tt11905352,Drama,93.0,6.0,28.0
B2000312500000,tt21953846,Documentary,,,
B2000081700000,tt10863980,"Comedy,Drama",102.0,7.1,73.0
B2000028300000,tt11715202,"Documentary,Sport",79.0,8.2,35.0
B2000297100000,tt7616020,Comedy,98.0,7.0,50.0
B2000173600000,tt9413078,Drama,93.0,6.9,65.0
B2000041300000,tt10558652,"Comedy,Romance",104.0,5.8,270.0
B2000251400000,tt19855324,Drama,107.0,6.6,301.0
B2000397200000,tt13135928,Documentary,70.0,7.4,19.0
B2100057900000,tt13434448,Drama,98.0,6.0,150.0
B2000115500000,tt13609508,Documentary,70.0,7.7,49.0
B2000365500000,tt26787366,Documentary,,5.9,12.0
B2000096400000,tt31411222,Documentary,90.0,8.4,5.0
B2000187100000,tt12712236,Documentary,70.0,6.5,7.0
B2100016700000,tt13338422,Documentary,90.0,7.1,20.0
B2000337100000,tt11570272,Documentary,70.0,8.2,12.0
B2000292200000,tt14664312,Drama,95.0,8.7,26.0
B2100362100000,tt8646254,Comedy,105.0,6.8,155.0
B2100498100000,tt17003896,"Crime,Thriller",83.0,6.2,582.0
B2100035200000,tt13702366,Documentary,73.0,6.6,5.0
B2100432000000,tt8150228,"Crime,Drama,Thriller",120.0,6.1,98.0
B2100263400000,tt9225812,"Biography,Drama",96.0,6.4,327.0
B2100401000000,tt15863594,"Comedy,Romance",94.0,5.5,1416.0
B2100294600000,tt11919710,,,,
B2100167200000,tt37320533,Documentary,100.0,,
B2100458300000,tt21139960,"Crime,Thriller",103.0,5.8,147.0
B2100425000000,tt8776978,"Crime,Drama,Thriller",93.0,4.9,43.0
B2100415100000,tt33067000,Documentary,,,
B2100324700000,tt13238192,Drama,87.0,6.7,161.0
B2100449500000,tt27662690,"Biography,Documentary",99.0,6.9,17.0
B2100299900000,tt9815156,"Action,Biography,Drama",92.0,7.2,347.0
B2100271900000,tt14812780,Drama,106.0,6.4,219.0
B2100363400000,tt10806034,Comedy,92.0,6.5,43.0
B2100062600000,tt13219112,Documentary,80.0,7.1,38.0
B2100269200000,tt28607155,Drama,112.0,8.1,21.0
B2100532300000,tt12473774,Comedy,94.0,5.3,155.0
B2100072000000,tt12186546,Documentary,90.0,8.0,34.0
B2100424200000,tt14687192,"Documentary,Sport",110.0,8.7,101.0
B2100464300000,tt29466641,Documentary,88.0,8.1,17.0
B2100161600000,tt9787228,Comedy,,5.9,32.0
B2100445800000,tt13342872,Drama,97.0,7.2,60.0
B2100266400000,tt14042038,"Drama,Fantasy,Mystery",79.0,5.0,347.0
B2100262100000,tt9265520,"Comedy,Musical,Romance",101.0,6.4,55.0
B2100113300000,tt12610576,Documentary,86.0,,
B2100226000000,tt19891540,Documentary,82.0,6.1,69.0
B2100261800000,tt24171650,Comedy,96.0,,
B2100333300000,tt12935690,"Action,Crime,Drama",111.0,6.1,89.0
B2100454200000,tt18264754,Documentary,73.0,,
B2100290600000,tt6314382,"Action,Adventure,Drama",100.0,5.2,71.0
B2100339600000,tt15450536,Documentary,83.0,8.3,34.0
B2100115400000,tt14316942,Documentary,72.0,,
B2100496300000,tt11674072,"Adventure,Drama,Family",91.0,7.6,1559.0
B2100278800000,tt12003826,"Comedy,Romance",95.0,6.2,86.0
B2100073300000,tt11197712,"Adventure,Animation,Comedy",75.0,5.0,262.0
B2100315800000,tt19414286,Documentary,77.0,8.4,17.0
B2100259600000,tt9471828,Drama,112.0,6.5,785.0
B2200146400000,tt14667700,Drama,87.0,6.9,174.0
B2200246300000,tt14795302,Drama,89.0,6.8,57.0
B2200398000000,tt21955892,Documentary,,7.4,14.0
B2200048000000,tt5617666,"Action,Crime,Drama",100.0,6.1,169.0
B2300008100000,tt24083008,"Biography,Documentary,Music",115.0,8.4,92.0
B2200344300000,tt19387730,"Biography,Documentary",90.0,7.2,112.0
B2200285200000,tt18573106,Comedy,106.0,6.3,526.0
B2200244600000,tt28536342,Documentary,108.0,7.2,8.0
B2200042500000,tt16449762,Documentary,80.0,6.8,21.0
B2200312700000,tt21637282,Drama,107.0,7.0,1392.0
B2200358600000,tt26997896,Documentary,55.0,,
B2200184200000,tt10407924,Comedy,95.0,6.1,55.0
B2200402400000,tt19387670,Documentary,79.0,7.8,17.0
B2200412400000,tt22812908,"Comedy,Fantasy,Horror",96.0,6.2,109.0
B2200146200000,tt22802528,"Biography,Documentary",85.0,6.7,29.0
B2200258900000,tt22073312,Documentary,,6.4,31.0
B2200351900000,tt15727626,Drama,89.0,,
B2200130100000,tt13070112,Documentary,96.0,8.6,9.0
B2200508100000,tt14817802,"Adventure,Animation,Fantasy",80.0,6.5,241.0
B2200429300000,tt23854020,"Comedy,Romance",97.0,5.8,163.0
B2200215900000,tt7466970,"Horror,Thriller",90.0,6.2,208.0
B2200417400000,tt10504776,Drama,102.0,4.5,188.0
B2200181800000,tt14916812,Documentary,131.0,,
B2200154200000,tt21220538,"Biography,Music,Romance",94.0,6.4,45.0
B2300212500000,tt21650856,Comedy,90.0,4.9,134.0
B2300302500000,tt31778070,Documentary,110.0,,
B2300570500000,tt27502245,"Documentary,Drama",123.0,6.6,399.0
B2300444900000,tt8992484,"Horror,Mystery",80.0,5.2,325.0
B2300379300000,tt23559706,"Drama,History",90.0,5.9,53.0
B2300204800000,tt26745895,Documentary,100.0,8.6,9.0
B2300491700000,tt35252244,Documentary,52.0,,
B2300526900000,tt12669950,"Comedy,Drama,Romance",87.0,5.1,304.0
B2300408400000,tt32751147,Drama,,7.5,14.0
B2300374600000,tt30048154,Documentary,73.0,,
B2300147900000,tt14853756,"Drama,Thriller",107.0,6.6,97.0
B2300565500000,tt38069773,Documentary,70.0,,
B2300222400000,tt29361661,Drama,,5.3,11.0
B2300376600000,tt22806464,Documentary,72.0,,
B2300517000000,tt30475450,Documentary,62.0,7.5,6.0
B2300396300000,tt27721007,Adventure,96.0,9.6,5.0
B2300125800000,tt31896236,Documentary,,,
B2300312800000,tt36697600,"Drama,Romance",133.0,,
B2300321400000,tt32389513,Documentary,72.0,,
B2300343000000,tt29011485,Drama,95.0,6.8,30.0
B2300552400000,tt26939019,,84.0,6.5,13.0
B2300352400000,tt14399538,Drama,75.0,4.8,14.0
B2300278000000,tt18563278,Comedy,97.0,5.5,191.0
B2300267400000,tt7415596,"Drama,Fantasy",110.0,8.8,10.0
B2300209300000,tt34880072,Drama,72.0,6.2,55.0
B2300062000000,tt27788763,Documentary,93.0,7.6,154.0
B2300148100000,tt38773307,Documentary,,,
B2300037500000,tt14201518,"Adventure,Comedy",84.0,5.4,174.0
B2300535000000,tt10037498,"Drama,Sport",99.0,6.7,363.0
B2300373000000,tt18558306,"Comedy,Crime,Drama",189.0,6.7,4822.0
B2300401000000,tt34459147,"Biography,Documentary,Music",99.0,7.4,16.0
B2300531200000,tt24326062,"Biography,Drama,Music",95.0,4.7,1500.0
B2300120400000,tt13366978,Comedy,90.0,6.0,127.0
B2300514300000,tt26594490,Drama,115.0,5.9,147.0
B2300519200000,tt27755460,Comedy,111.0,5.8,1060.0
B2300437800000,tt27766587,Documentary,102.0,7.5,17.0
B2300186300000,tt30061541,Drama,96.0,5.8,24.0
B2300126700000,tt24325846,Drama,107.0,4.9,208.0
B2300576500000,tt3096770,Drama,111.0,6.1,746.0
B2300396400000,tt33092692,Documentary,76.0,,
B2300367700000,tt29639785,Comedy,90.0,5.0,243.0
B2300071700000,tt16375980,Drama,110.0,6.6,48.0
B2300123600000,tt19733788,Documentary,,7.6,8.0
B2300043000000,tt30973862,Documentary,,5.2,12.0
B2300512200000,tt34435534,Documentary,,,
B2300524600000,tt13073252,"Action,Drama,History",107.0,7.2,1625.0
B2300527900000,tt26546236,Comedy,,,
B2300230600000,tt21993520,"Adventure,Comedy,Family",85.0,4.7,86.0
B2300343300000,tt13846480,"Crime,Drama",102.0,7.2,760.0
B2300255800000,tt20420806,"Comedy,Fantasy,Romance",115.0,6.1,433.0
B2300137400000,tt28708459,Drama,77.0,6.5,8.0
B2300212300000,tt27708729,Documentary,,7.7,11.0
B2300026000000,tt14256240,Crime,84.0,7.6,22.0
B2300062400000,tt36946824,"Documentary,Musical",,,
B2300327500000,tt27502227,"Documentary,History",93.0,7.6,2552.0
B2300295700000,tt14618902,Drama,83.0,7.1,21.0
B2300103200000,tt15528482,Drama,90.0,7.5,39.0
B2300337300000,tt33197220,Documentary,,6.4,5.0
B2300469100000,tt13796572,Mystery,,,
B2300517700000,tt27448143,Documentary,,,
B2300364700000,tt29762866,Comedy,99.0,6.5,13.0
B2300338900000,tt28753273,Documentary,73.0,,
B2300170000000,tt31835921,"Animation,Family,Fantasy",74.0,8.7,47.0
B2300212800000,tt10735238,Documentary,85.0,,
B2300176900000,tt16748958,Documentary,72.0,8.2,5.0
B2300190300000,tt36222628,Documentary,78.0,,
B2300139700000,tt32611733,Drama,83.0,7.3,18.0
B2300408000000,tt28260733,"Comedy,Fantasy",105.0,5.0,148.0
B2300465800000,tt29536981,"Adventure,Family",100.0,5.8,10.0
B1600107600000,tt4612304,"Action,Drama,Thriller",115.0,6.1,241.0
B1600416100000,tt5452964,Drama,82.0,6.8,1649.0
B1600227000000,tt4302788,Thriller,89.0,5.9,300.0
B1600756100000,tt6182402,"Drama,Romance",76.0,5.6,166.0
B1600630700000,tt6365842,Comedy,72.0,6.8,19.0
B1700013000000,tt7414162,Drama,102.0,7.2,368.0
B1700422600000,tt6987798,Comedy,94.0,5.6,243.0
B1600714000000,tt7618754,Drama,90.0,6.0,11.0
B1600547800000,tt3476694,"Crime,Drama,Mystery",88.0,6.2,97.0
B1700605000000,tt9064614,Drama,86.0,5.5,63.0
B1800115300000,tt8327798,Documentary,90.0,8.2,36.0
B1800077200000,tt6021856,Comedy,90.0,4.8,22.0
B1700104400000,tt7890408,"Comedy,Horror",81.0,5.6,1194.0
B1700424500000,tt6682424,Drama,88.0,6.8,262.0
B1900117400000,tt15670696,,100.0,6.6,15.0
B1900034500000,tt12538358,Music,50.0,,
B1800141000000,tt8183418,Drama,80.0,6.6,149.0
B1800494000000,tt21306810,Drama,105.0,,
B1800255500000,tt8599736,Documentary,,,
B1800168300000,tt7895852,"Comedy,Drama",82.0,6.8,384.0
B1800287700000,tt5089068,Thriller,92.0,5.5,1036.0
B1800610400000,tt10696054,Documentary,78.0,7.2,12.0
B1800440700000,tt8272406,Drama,72.0,6.3,87.0
B1800445800000,tt8800108,"Animation,Drama,Horror",102.0,7.8,96.0
B1800466100000,tt8731138,Drama,113.0,7.0,872.0
B1800454800000,tt14933954,Documentary,97.0,,
B1900471700000,tt12629592,Documentary,,,
B1900611200000,tt15727368,Drama,96.0,6.2,33.0
B1900249100000,tt10297530,Horror,100.0,5.3,211.0
B1900347600000,tt10985014,Drama,93.0,5.8,16.0
B1900223700000,tt9643312,Drama,80.0,6.3,21.0
B1900498800000,tt12018108,"Comedy,Drama",94.0,6.2,50.0
B1900045700000,tt11956308,Documentary,72.0,,
B1900308000000,tt15689900,"Drama,Music",104.0,7.4,16.0
B1900379100000,tt10066262,Drama,98.0,7.1,21.0
B1900298300000,tt8883102,Horror,100.0,,
B2000230900000,tt15216944,Drama,95.0,5.8,21.0
B1900090000000,tt8922784,"Mystery,Thriller",97.0,6.5,44.0
B1900423900000,tt14428040,Documentary,95.0,8.0,27.0
B1900205100000,tt11945060,Documentary,76.0,7.5,45.0
B1900461300000,tt9312830,"Drama,Thriller",85.0,6.6,191.0
B1900350600000,tt36276441,Documentary,70.0,,
B1900507200000,tt9657946,Drama,90.0,5.9,81.0
B2000294200000,tt4546156,Drama,115.0,7.2,30.0
B2000523200000,tt10441878,Drama,99.0,6.5,84.0
B2000096300000,tt12077826,Drama,94.0,7.0,56.0
B2000096500000,tt11126036,Drama,105.0,6.6,78.0
B2000255200000,tt11951090,"Fantasy,Thriller",85.0,6.7,36.0
B2000073200000,tt21433706,"Drama,Horror,Thriller",84.0,6.9,65.0
B2000130600000,tt13519734,"Documentary,Drama",84.0,7.7,23.0
B2000173800000,tt12492778,Documentary,80.0,,
B2000325100000,tt13351512,Documentary,85.0,7.1,17.0
B2000468500000,tt11383164,Drama,90.0,6.8,10.0
B2000436900000,tt13339368,Documentary,78.0,6.9,36.0
B2000499300000,tt14362492,Documentary,84.0,8.1,18.0
B2000066500000,tt11912618,"Crime,Drama,Mystery",94.0,6.6,251.0
B2000352100000,tt13236408,"Documentary,History,War",87.0,6.2,15.0
B2000227100000,tt9474114,Documentary,80.0,7.4,53.0
B2000335200000,tt14893202,"Animation,Drama",89.0,6.7,98.0
B2000240100000,tt11701102,Drama,98.0,6.3,38.0
B2000239400000,tt10640730,Drama,82.0,,
B2000124100000,tt10418862,Drama,90.0,,
B2000160000000,tt7746728,"Comedy,Fantasy",90.0,5.3,283.0
B2000114300000,tt13392502,Horror,,,
B2000284300000,tt13730062,"Adventure,Drama",70.0,6.4,9.0
B2100113900000,tt3548874,"Drama,Sci-Fi",105.0,5.9,1050.0
B2100075400000,tt7304068,Drama,,,
B2200143600000,tt24067350,"Adventure,Animation,Comedy",80.0,6.2,171.0
B2200073000000,tt15393438,Documentary,81.0,6.6,60.0
B2200449200000,tt33087749,Action,,,
B2200203400000,tt27418876,Drama,117.0,,
B2200497100000,tt10582752,Drama,90.0,6.6,5.0
B2200212700000,tt15823516,Drama,107.0,6.8,256.0
B2200442900000,tt27665384,"Animation,Fantasy,Sci-Fi",105.0,7.5,24.0
B2300007600000,tt32506908,Documentary,72.0,,
B2200040500000,tt16436064,"Comedy,Romance",93.0,6.1,95.0
B2200458400000,tt21742248,Comedy,110.0,4.5,844.0
B2300422000000,tt32142341,Fantasy,,6.4,5.0
B2300502400000,tt28701123,Family,90.0,6.6,26.0
B2300252300000,tt40145189,Documentary,,,
B2300377600000,tt10885608,Adventure,77.0,,
B2300567400000,tt27918943,Documentary,,,
B2300201900000,tt28997874,Drama,127.0,6.9,35.0
B2300500100000,tt37514135,Documentary,106.0,,
B2300140800000,tt33058029,Documentary,71.0,,
B2300141200000,tt31778548,Documentary,80.0,,
B2300035300000,tt15655350,Drama,70.0,7.4,30.0
B2300363900000,tt29742408,"Documentary,History",77.0,7.7,23.0
B2300011000000,tt33246968,,120.0,,
B2300114900000,tt36662741,"Animation,Documentary,Family",91.0,,
B2100018500000,tt10805260,"Adventure,Family,Fantasy",102.0,6.5,157.0
B2300374700000,tt11141608,Comedy,93.0,6.4,84.0
B2300247400000,tt9619234,"Documentary,Romance",95.0,7.2,697.0
B2300402000000,tt28515096,"Comedy,Family,Fantasy",102.0,2.8,265.0
B2300120800000,tt28184491,Comedy,88.0,5.8,71.0
B1700411300000,tt7449594,Drama,70.0,6.5,35.0
B1800090200000,tt7613748,"Drama,Fantasy,Thriller",100.0,6.0,119.0
B1800245900000,tt5269624,"Drama,Mystery",99.0,5.3,146.0
B1800445500000,tt8346446,Drama,88.0,6.9,568.0
B1800517200000,tt10009602,Documentary,82.0,7.1,23.0
B2300123500000,tt15208678,"Drama,History",109.0,6.8,66.0
B2300338800000,tt29120156,Drama,90.0,7.3,123.0
B2300261100000,tt27276658,"Comedy,Music,Romance",87.0,5.3,353.0
B2300551000000,tt29611473,"Biography,Comedy,Drama",108.0,7.0,354.0
B2100364800000,tt17058302,Drama,80.0,7.0,73.0
B2200124400000,tt12076024,"Action,Comedy",94.0,6.2,51.0
B2200386600000,tt24251076,"Comedy,Family",94.0,6.4,21.0
B2300001100000,tt15520368,Drama,100.0,5.3,581.0
B2200243000000,tt19369774,"Documentary,History",84.0,8.0,48.0
B2400339600000,tt4850742,"Comedy,Drama",103.0,6.5,144.0
B2300201800000,tt37657408,Documentary,,,
B2300065800000,tt16951702,Documentary,86.0,,
B2300121300000,tt14589900,"Drama,History",115.0,7.2,177.0
B2300303300000,tt22376320,Comedy,101.0,5.6,50.0
B2300240900000,tt11624812,Documentary,77.0,6.9,9.0
B2300491600000,tt9223884,Animation,99.0,6.7,188.0
B2300527400000,tt13866866,"Comedy,Drama",109.0,6.5,1933.0
B2000497700000,tt5805768,"Comedy,Drama",85.0,6.2,2662.0
B2000154900000,tt8217188,"Comedy,Drama",87.0,6.9,702.0
B2000070300000,tt12947630,Comedy,105.0,5.8,94.0
B2100065700000,tt14029622,"Documentary,Drama",77.0,7.2,744.0
B2100306300000,tt26915507,Documentary,98.0,,
B2100113200000,tt11150620,Comedy,85.0,6.2,42.0
B2100010700000,tt8241138,"Drama,Sci-Fi",98.0,6.4,363.0
B2100259000000,tt10395866,"Drama,Sci-Fi",103.0,6.6,2680.0
B2100347700000,tt20853102,Drama,79.0,6.7,28.0
B2200063900000,tt32596977,Sport,,,
B2300468500000,tt25383368,Drama,104.0,7.2,149.0
B2200343300000,tt22012140,"Comedy,Drama,Romance",,5.5,40.0
B2200299300000,tt13678246,"Crime,Drama,Horror",,5.1,28.0
B2200412200000,tt24083886,"Biography,Documentary,Music",103.0,7.3,7.0
B2300288600000,tt30851950,Drama,75.0,4.8,13.0
B2300008500000,tt32597133,Sport,,8.0,41.0
B2300549200000,tt37157726,Drama,103.0,,
B2300212900000,tt18244348,"Biography,Drama,Music",120.0,6.3,763.0
B2300283600000,tt29556283,Drama,94.0,7.5,19.0
B2000034100000,tt9914192,Comedy,98.0,5.4,335.0
B2000502900000,tt10573946,"Comedy,Musical,Romance",111.0,5.5,682.0
B2100036700000,tt29174442,Drama,78.0,5.9,19.0
B2200065000000,tt21103650,"Action,Drama",120.0,6.3,148.0
B2200349500000,tt17055878,"Adventure,Comedy,Musical",86.0,5.9,223.0
B2300330000000,tt28671033,Thriller,93.0,6.8,38.0
B2300349700000,tt15060662,"Biography,Comedy,Drama",117.0,7.2,1250.0
B2300536800000,tt34981216,Horror,98.0,3.3,128.0
B2200460100000,tt37255919,Documentary,,,
B2300280900000,tt32099688,Documentary,,,
B2300063500000,tt37256934,Documentary,,,
B2300240100000,tt30767512,Documentary,71.0,,
B1201586000000,tt2209400,Comedy,104.0,5.7,2183.0
B1302052900000,tt34458894,Documentary,,,
B1500883200000,tt6037266,Documentary,73.0,7.3,9.0
B1500572300000,tt6654698,Documentary,227.0,8.2,46.0
B1600193300000,tt6654698,Documentary,227.0,8.2,46.0
B1500916300000,tt6447984,,,,
B1500515600000,tt9013662,Documentary,75.0,8.5,11.0
B1700145800000,tt3560090,Documentary,107.0,7.4,131.0
B1600739700000,tt10680630,Documentary,90.0,,
B1700207800000,tt25149372,Documentary,90.0,6.9,89.0
B1700012200000,tt5441966,Documentary,53.0,7.6,12.0
B1700213000000,tt8040644,Documentary,87.0,6.6,16.0
B1700220800000,tt12780488,Documentary,77.0,,
B1700561500000,tt15294762,Documentary,79.0,,
B1700083900000,tt11279880,Documentary,80.0,,
B1700625600000,tt7144786,Documentary,71.0,8.4,34.0
B1700586400000,tt7839764,Documentary,78.0,8.1,11.0
B1700325000000,tt9534498,Documentary,71.0,6.9,19.0
B1800247400000,tt8040644,Documentary,87.0,6.6,16.0
B1700539800000,tt6791332,Documentary,74.0,7.1,62.0
B1700603800000,tt8461424,Documentary,93.0,7.4,6.0
B1800188300000,tt8372336,Documentary,90.0,,
B1800282400000,tt13185652,,97.0,6.9,11.0
B1800493200000,tt39076522,Documentary,,,
B1800556700000,tt13415520,Documentary,82.0,,
B1800223200000,tt29763927,Documentary,,,
B1800536000000,tt7689936,Documentary,88.0,7.1,1925.0
B1900423500000,tt10984348,Documentary,,,
B1900262100000,tt12733660,Documentary,85.0,,
B1900450400000,tt13297190,Documentary,70.0,,
B1900595100000,tt13251752,Documentary,105.0,7.6,25.0
B1900131500000,tt13297320,Documentary,75.0,8.0,20.0
B1900589000000,tt7574106,Documentary,89.0,6.8,57.0
B1900150600000,tt27074909,Documentary,86.0,,
B1900094700000,tt15727610,Documentary,80.0,,
B1900289300000,tt10596876,Documentary,80.0,8.7,10.0
B1900225700000,tt10616544,Documentary,70.0,,
B1900092400000,tt14618902,Drama,83.0,7.1,21.0
B2000098200000,tt8385420,"Action,Crime,Drama",126.0,6.5,7027.0
B2000375500000,tt13246380,Documentary,90.0,7.5,17.0
B2000556100000,tt12273578,Documentary,75.0,6.1,11.0
B2000367000000,tt12802724,Action,85.0,4.4,72.0
B2000091000000,tt15727610,Documentary,80.0,,
B2000478800000,tt10596876,Documentary,80.0,8.7,10.0
B2000192900000,tt12764602,Documentary,82.0,7.6,9.0
B2000495900000,tt12364408,Documentary,,,
B2000199400000,tt11090990,"Biography,Documentary",92.0,,
B2000172600000,tt13707412,Documentary,84.0,8.2,18.0
B2000129200000,tt27601977,Documentary,78.0,,
B2000151600000,tt9409886,Documentary,96.0,7.2,42.0
B2000337200000,tt13303296,Documentary,80.0,5.4,8.0
B2000221100000,tt27524327,Documentary,71.0,7.0,7.0
B2100304600000,tt10756704,Documentary,87.0,,
B2100298400000,tt33083988,Documentary,,,
B2100142100000,tt14390456,Documentary,80.0,,
B2100265500000,tt14369822,Documentary,64.0,6.5,37.0
B2100153600000,tt22866344,Documentary,75.0,,
B2100262000000,tt14917992,Documentary,77.0,,
B2200066100000,tt31688608,"Adventure,Comedy,Drama",,,
B2200459700000,tt27392210,Documentary,94.0,7.7,13.0
B2200367100000,tt14464240,Documentary,83.0,7.1,32.0
B2200366600000,tt20517178,Documentary,,,
B2200296300000,tt21968028,Documentary,100.0,,
B2300404700000,tt27329068,Documentary,104.0,,
B2300573000000,tt20252884,"Comedy,Drama",112.0,5.6,77.0
B2300223600000,tt34423231,Documentary,,,
B1700117400000,tt8750328,Documentary,90.0,,
B2000114900000,tt13836616,Documentary,85.0,,
B1800172700000,tt12378482,Documentary,73.0,,
B1800451700000,tt8861328,Documentary,71.0,,
B1800479800000,tt8861328,Documentary,71.0,,
B2000108600000,tt12699234,Documentary,72.0,6.7,125.0
B1900166800000,tt10880830,Documentary,91.0,,
B2000069400000,tt13519428,Documentary,71.0,7.8,14.0
B2000139000000,tt10372816,Documentary,74.0,6.7,111.0
B2000437800000,tt19365442,"Sci-Fi,Thriller",,8.7,13.0
B2000112200000,tt12311540,Documentary,78.0,4.4,13.0
B2000100700000,tt13251676,Documentary,75.0,,
B2000284700000,tt13303186,Documentary,75.0,,
B2000340300000,tt13197974,Documentary,70.0,8.5,14.0
B2000406100000,tt13689288,Documentary,75.0,6.8,12.0
B2100227200000,tt14428040,Documentary,95.0,8.0,27.0
B2100219200000,tt14438316,Documentary,85.0,7.8,8.0
B2100366300000,tt14355874,"Adventure,Mystery",83.0,6.8,18.0
B2200306500000,tt29670449,Documentary,,,
B2200462000000,tt13792534,Drama,82.0,6.4,35.0
B2200351600000,tt35511837,Documentary,48.0,,
B2300512000000,tt34382353,Documentary,79.0,,
B2300071400000,tt24578518,Documentary,90.0,,
B2300344000000,tt29429433,Documentary,115.0,8.9,15.0
B2300484500000,tt38268493,Documentary,,,
B2300180300000,tt14763720,Drama,75.0,6.0,136.0
B1700468400000,tt8792492,Comedy,107.0,6.0,132.0
B1700466900000,tt7308092,"Drama,Western",160.0,7.7,462.0
B1700454300000,tt8034378,"Comedy,Drama",80.0,5.0,269.0
B1600690400000,tt5820146,Comedy,88.0,5.6,341.0
B1800150400000,tt8210704,Documentary,77.0,6.8,18.0
B1700539700000,tt7594074,Documentary,,,
B1900019000000,tt9214280,"Comedy,Fantasy",98.0,3.3,626.0
B1700552000000,tt7744802,"Comedy,Family",79.0,6.1,804.0
B1800152000000,tt6217248,Documentary,72.0,7.2,30.0
B1700605800000,tt6805404,Drama,101.0,5.5,78.0
B1700110600000,tt32225013,Documentary,75.0,,
B1700611000000,tt7882104,Comedy,103.0,6.0,1533.0
B1700332400000,tt7579474,Drama,95.0,6.5,86.0
B1800228200000,tt8800806,Documentary,104.0,8.2,119.0
B1800441300000,tt7247512,"Comedy,Sci-Fi",100.0,6.1,279.0
B1800542400000,tt10865226,Documentary,80.0,7.6,80.0
B1800462300000,tt9046772,Documentary,152.0,7.0,192.0
B1800029400000,tt7853804,"Comedy,Fantasy",100.0,5.7,241.0
B1800324100000,tt8972568,"Drama,History,Thriller",100.0,6.6,287.0
B1800546900000,tt8753660,"Action,Adventure,Comedy",108.0,5.6,1897.0
B1900098600000,tt9070758,"Animation,Family,Musical",106.0,8.4,70.0
B1800098700000,tt6145054,"Biography,Drama,Music",105.0,6.8,590.0
B1800029300000,tt7633052,Documentary,80.0,7.7,44.0
B1900320300000,tt12529866,"Biography,Documentary",74.0,6.9,21.0
B1900597000000,tt12553532,Documentary,,,
B1900198800000,tt12344288,Comedy,,6.7,10.0
B1900309300000,tt9356624,Documentary,90.0,,
B1900372100000,tt13836684,Documentary,71.0,6.5,48.0
B1900376800000,tt10293664,"Biography,Documentary",90.0,7.5,23.0
B1900468300000,tt14111726,"Action,Comedy,Crime",97.0,6.0,2179.0
B1900350700000,tt9784842,Documentary,93.0,7.5,370.0
B1900487000000,tt37858178,Documentary,106.0,,
B1900421800000,tt7954660,Comedy,90.0,5.0,158.0
B1900513800000,tt11150412,Comedy,87.0,5.2,216.0
B1900531900000,tt37286951,Documentary,82.0,,
B1900231600000,tt11695950,"Drama,Sci-Fi",109.0,5.5,101.0
B1900487100000,tt9207188,Comedy,90.0,3.4,292.0
B1900411500000,tt37497926,Documentary,,,
B1900525000000,tt11350226,Documentary,70.0,7.3,19.0
B2000158900000,tt6459834,"Biography,Documentary,Music",75.0,7.4,941.0
B2000078000000,tt10520386,"Comedy,Drama",86.0,6.4,845.0
B2000043200000,tt12627912,"Documentary,History",82.0,7.1,106.0
B2000339200000,tt11259310,Documentary,85.0,,
B2000201000000,tt11689428,Documentary,107.0,5.7,59.0
B2000142200000,tt11235704,Documentary,73.0,6.3,19.0
B2000322300000,tt17155652,Comedy,108.0,,
B2000532000000,tt7611940,Drama,100.0,6.8,327.0
B2000097600000,tt11235886,Drama,90.0,7.3,27.0
B2000513600000,tt11057882,"Comedy,Family",102.0,5.9,123.0
B2100460000000,tt16226330,"Documentary,History",144.0,6.9,71.0
B2100156800000,tt14428110,Documentary,90.0,6.9,230.0
B2100113400000,tt14916748,Documentary,100.0,,
B2100217200000,tt13527250,Documentary,79.0,8.5,20.0
B2100452100000,tt16295558,Action,103.0,4.8,9.0
B2100010600000,tt14356794,"Documentary,Music",90.0,7.0,207.0
B2200325000000,tt21186266,"Drama,Romance",113.0,5.4,148.0
B2200146300000,tt10951512,Drama,,6.4,105.0
B2200250500000,tt15225968,Documentary,96.0,,
B2200504100000,tt15489762,"Comedy,Romance",96.0,4.9,216.0
B2200250300000,tt21182882,"Biography,Drama",110.0,6.1,560.0
B2300001000000,tt26598541,Documentary,70.0,7.0,6.0
B2200186300000,tt21156690,Documentary,74.0,8.6,10.0
B2200003500000,tt10839454,Comedy,101.0,5.4,232.0
B2300484200000,tt30431349,Adventure,89.0,7.3,50.0
B2300205100000,tt26255088,"Documentary,Music",100.0,7.7,501.0
B2300531000000,tt39161167,Documentary,89.0,,
B2300270600000,tt30886398,Documentary,,7.7,7.0
B2300276400000,tt11286592,Drama,135.0,6.7,96.0
B1700615400000,tt8752502,"Documentary,History",85.0,6.5,44.0
B1800213800000,tt7754496,"Biography,Documentary,Music",75.0,7.2,615.0
B1900108800000,tt10075070,Family,70.0,6.1,72.0
B1900093000000,tt11145856,Documentary,75.0,7.0,50.0
B1900175200000,tt10457346,"Documentary,Drama",75.0,6.9,27.0
B2000429100000,tt11640118,"Drama,Fantasy",87.0,5.8,405.0
B2000459900000,tt13119046,Documentary,90.0,7.1,32.0
B2000542500000,tt11783108,Drama,99.0,6.5,284.0
B2100232400000,tt22794548,Drama,95.0,6.0,84.0
B2100484600000,tt11337302,"Documentary,Music",90.0,6.6,22.0
B2300353100000,tt31418307,Documentary,93.0,,
B1700220900000,tt9064564,"Drama,Horror",128.0,5.5,134.0
B1800072600000,tt7516234,Documentary,52.0,,
B1700261300000,tt9736024,Documentary,75.0,6.9,7.0
B1600738400000,tt7789406,Documentary,71.0,6.2,109.0
B1600718700000,tt6412648,Documentary,111.0,7.7,88.0
B1900494500000,tt11547548,Documentary,103.0,7.2,28.0
B1800006500000,tt11009980,Documentary,77.0,,
B0901103700000,tt1440741,"Drama,Romance",94.0,6.6,9028.0
B1001147500000,tt0768187,"Adventure,Family,Fantasy",78.0,6.0,202.0
B0901080700000,tt1322277,"Action,Biography,Drama",94.0,5.9,1910.0
B1001148600000,tt1234559,"Biography,Drama",124.0,7.1,2123.0
B0901099200000,tt1609123,"Comedy,Romance",93.0,6.4,670.0
B1001166000000,tt1500720,Drama,100.0,5.5,168.0
B1001319100000,tt1832288,Drama,90.0,5.9,84.0
B1201623700000,tt1827372,"Action,Biography,Crime",100.0,5.7,774.0
B1101461100000,tt1891885,Comedy,110.0,5.2,171.0
B1201605900000,tt2113588,Drama,102.0,6.9,338.0
B1201643000000,tt3455238,Drama,110.0,7.1,187.0
B1101519200000,tt2181819,"Comedy,History",74.0,2.8,580.0
B1101496800000,tt1828148,Adventure,96.0,6.3,1210.0
B1101420100000,tt1653653,"Drama,History,Thriller",90.0,6.8,735.0
B1101415000000,tt2139855,Drama,95.0,5.9,310.0
B1101528200000,tt2106411,Drama,100.0,6.6,721.0
B1201553500000,tt1720114,"Biography,Drama,Sport",116.0,6.9,1532.0
B1101414400000,tt2043879,Drama,98.0,7.2,971.0
B1101490400000,tt1734468,Drama,90.0,6.1,336.0
B1201696600000,tt3443904,Comedy,86.0,5.6,62.0
B1101527800000,tt2130150,"Drama,Fantasy",99.0,5.2,61.0
B1301773400000,tt2215537,"Biography,Drama,Music",104.0,6.5,2684.0
B1101425400000,tt1998368,Drama,100.0,6.4,74.0
B1201547400000,tt2142055,"Action,Adventure,Biography",102.0,7.1,2020.0
B1301751900000,tt2125425,"Adventure,Drama,Thriller",96.0,6.7,1641.0
B1201661300000,tt2476186,Drama,95.0,6.3,269.0
B1201614400000,tt2565174,"Drama,Family,History",114.0,6.5,33.0
B1301738800000,tt2428824,"Biography,History,Romance",98.0,6.1,785.0
B1301732600000,tt4832664,Drama,94.0,5.9,10.0
B1201586300000,tt2435676,Drama,116.0,6.3,63.0
B1301763500000,tt3256668,Drama,92.0,5.7,58.0
B1201696900000,tt2217458,"Biography,Drama,History",118.0,7.0,3803.0
B1301743100000,tt2402186,"Drama,Family",99.0,7.2,1703.0
B1301803700000,tt2364366,"Adventure,Documentary",78.0,8.0,15.0
B1201580500000,tt2231208,"Action,Adventure,Animation",74.0,7.1,2104.0
B1301733000000,tt2220408,Comedy,110.0,5.8,1504.0
B1301945900000,tt1734433,"Crime,Drama,Thriller",98.0,6.6,9933.0
B1301902100000,tt2124730,Drama,90.0,6.5,72.0
B1402446800000,tt2650414,"Drama,Music,Musical",85.0,6.5,206.0
B1301874500000,tt2322316,"Animation,Comedy,Music",93.0,7.6,348.0
B1402086200000,tt2445698,Drama,100.0,7.1,1155.0
B1301803100000,tt1869416,"Crime,Drama,Romance",105.0,6.6,3378.0
B1402159100000,tt3046062,"Biography,Drama,History",101.0,6.7,1364.0
B1301940000000,tt2039369,"Comedy,Family,Fantasy",101.0,5.9,1259.0
B1301989000000,tt3183630,"Adventure,Animation,Family",80.0,7.5,8071.0
B1301712200000,tt1708510,"Adventure,Family,Fantasy",83.0,5.3,117.0
B1301947600000,tt2746176,Drama,110.0,7.3,2348.0
B1301769500000,tt2956394,Comedy,88.0,5.3,256.0
B1402521900000,tt2216582,"Adventure,Animation,Comedy",70.0,6.9,164.0
B1500344400000,tt5446640,Drama,111.0,6.4,82.0
B1402255700000,tt6477214,Documentary,90.0,,
B1402378700000,tt4954946,Drama,104.0,6.2,99.0
B1500543200000,tt4543578,"Comedy,Fantasy",100.0,4.9,407.0
B1402855900000,tt4669624,Drama,89.0,7.4,63.0
B1402201200000,tt4224044,"Crime,Drama,History",90.0,6.5,185.0
B1402652900000,tt2168180,"Biography,Drama,History",106.0,7.6,2743.0
B1402175100000,tt2343380,"Action,Adventure,Drama",78.0,6.0,280.0
B1500177200000,tt3806654,"Drama,Thriller",113.0,6.7,423.0
B1500585400000,tt5155340,"Adventure,Drama,Sci-Fi",94.0,7.2,81.0
B1402237400000,tt2746200,"Drama,Mystery",119.0,6.4,360.0
B1402332500000,tt2041532,"Biography,Drama",92.0,6.6,234.0
B1402145600000,tt3735086,"Crime,Documentary,History",92.0,7.8,20.0
B1600109600000,tt5060636,Drama,80.0,5.3,312.0
B1600585400000,tt5630122,Drama,94.0,6.6,152.0
B1600032100000,tt3411572,Musical,102.0,5.3,117.0
B1600041000000,tt5812510,"Adventure,Animation,Comedy",80.0,4.2,198.0
B1500344800000,tt4954564,Drama,108.0,6.6,237.0
B1500812200000,tt5221004,"Comedy,Drama,Romance",95.0,4.7,75.0
B1600264400000,tt3922062,Drama,84.0,6.7,182.0
B1500399400000,tt4938662,Drama,90.0,5.1,98.0
B1500309900000,tt4657092,"Comedy,Romance",107.0,5.5,353.0
B1500408100000,tt6412648,Documentary,111.0,7.7,88.0
B1500870400000,tt5325210,Comedy,99.0,5.6,360.0
B1500672000000,tt3695986,"Drama,Mystery,Romance",96.0,6.2,95.0
B1600287300000,tt3583638,Drama,106.0,6.7,62.0
B1600690600000,tt5067984,Drama,99.0,7.7,604.0
B1700349800000,tt6103618,"Biography,Drama,Music",117.0,7.0,355.0
B1700077100000,tt2371365,Comedy,90.0,6.5,361.0
B1600243000000,tt3108658,Drama,100.0,6.8,266.0
B1700051600000,tt4673790,"Adventure,Drama",116.0,6.4,717.0
B1700248900000,tt4778372,Thriller,87.0,6.1,20.0
B1800089800000,tt8790694,Drama,98.0,6.7,50.0
B1700602000000,tt8377184,Documentary,97.0,8.6,9.0
B1700450500000,tt5480782,"Fantasy,Horror",135.0,6.7,4638.0
B1700151900000,tt4012424,Drama,113.0,7.1,2227.0
B1700497900000,tt6992342,Drama,96.0,7.3,18.0
B1700088100000,tt7230476,Drama,87.0,6.4,174.0
B1800469700000,tt7644928,"Adventure,Drama,Western",94.0,7.3,72.0
B1800516900000,tt9876022,Animation,90.0,6.9,134.0
B1800458500000,tt11664282,Animation,104.0,7.7,36.0
B1800459400000,tt4195854,"Documentary,Music,Musical",85.0,6.9,70.0
B1800375900000,tt8288184,"Action,Crime",86.0,6.1,82.0
B1800411600000,tt8900098,Drama,96.0,7.1,419.0
B1800491800000,tt6682820,"Drama,History",122.0,6.6,179.0
B2000003600000,tt36948077,Documentary,,,
B1800567100000,tt8354064,"Adventure,Drama,Family",116.0,,
B1800212800000,tt5228710,"Comedy,Drama,Romance",101.0,6.3,491.0
B1900029000000,tt8327492,"Action,Animation,Drama",73.0,6.7,788.0
B1800504700000,tt8861074,Documentary,97.0,7.9,123.0
B1900448200000,tt11136510,Drama,123.0,7.8,208.0
B1900157600000,tt9213932,Biography,110.0,6.1,1960.0
B1900548300000,tt10925780,"Biography,Drama",90.0,7.6,36.0
B1900618000000,tt10406288,"Crime,Horror,Mystery",105.0,6.3,638.0
B1900063700000,tt7885540,Documentary,75.0,7.3,452.0
B1900347800000,tt6566846,Drama,85.0,6.6,382.0
B1900331600000,tt6135454,Drama,109.0,,
B2000185600000,tt10984662,Documentary,135.0,8.3,11.0
B2000364100000,tt13032562,"Adventure,Fantasy,Horror",94.0,5.8,252.0
B2000525500000,tt8608144,"Drama,Thriller",101.0,6.4,163.0
B2000320300000,tt2544134,Documentary,,8.2,8.0
B2000106900000,tt11684006,Drama,86.0,7.2,12.0
B2000040200000,tt5283934,Comedy,80.0,6.7,53.0
B2000436400000,tt8845322,"Drama,History",120.0,5.8,620.0
B2100349700000,tt10676276,"Drama,Thriller",110.0,7.6,49.0
B2100103100000,tt12906328,Drama,99.0,7.4,18.0
B2100271600000,tt4303322,Drama,102.0,6.2,100.0
B2100218200000,tt12872150,Drama,85.0,5.7,416.0
B2100326700000,tt14916760,Documentary,80.0,,
B2200405700000,tt11020826,"Adventure,Animation,Fantasy",,7.5,26.0
B2200291400000,tt14720710,Animation,79.0,6.7,14.0
B2200307700000,tt11187100,Drama,111.0,7.8,10.0
B2200080600000,tt11153132,Comedy,102.0,5.7,34.0
B2200266500000,tt29542371,Drama,90.0,6.8,22.0
B2300257900000,tt32636834,Drama,,,
B2300486200000,tt7737848,"Comedy,Romance",90.0,4.4,31.0
B2300282000000,tt26342302,Documentary,85.0,,
B2300201100000,tt14022920,Drama,103.0,7.1,55.0
B2300060700000,tt28287857,Drama,98.0,7.2,90.0
B2300099200000,tt33591742,Documentary,135.0,7.5,13.0
B2300200700000,tt35716361,Animation,95.0,6.8,8.0
B2300442100000,tt29372038,"Biography,Documentary",82.0,7.6,40.0
B2300258300000,tt31846941,Drama,101.0,,
B2300382200000,tt30768102,Drama,93.0,7.1,138.0
B2300105700000,tt26342145,"Biography,Documentary,History",84.0,,
B1101406900000,tt1988573,"Comedy,Romance",95.0,5.2,2147.0
B1001305900000,tt1564916,Comedy,101.0,5.7,2645.0
B1001315900000,tt1810574,"Comedy,Drama,Romance",88.0,6.0,372.0
B1101537800000,tt2181839,Comedy,98.0,3.6,355.0
B1101456100000,tt1921043,"Comedy,Drama",88.0,7.2,6044.0
B1201657700000,tt2332518,Comedy,104.0,5.5,3034.0
B1301739100000,tt2332672,Drama,90.0,5.3,284.0
B1301930900000,tt2401711,"Drama,Romance,War",115.0,6.7,982.0
B1201628900000,tt6132286,Animation,98.0,8.0,33.0
B1301910300000,tt3158456,Comedy,82.0,4.2,123.0
B1402137200000,tt3210830,"Comedy,Romance",108.0,6.1,1431.0
B1301916500000,tt3583676,Drama,90.0,5.4,24.0
B1402131500000,tt3603568,"Action,Drama",98.0,6.1,77.0
B1402125800000,tt1841490,"Drama,History,War",107.0,6.2,1025.0
B1402131600000,tt3474994,"Drama,Romance",115.0,6.8,3411.0
B1402406800000,tt3807222,"Biography,Drama",107.0,7.1,314.0
B1402704900000,tt3948438,Comedy,108.0,5.8,1197.0
B1402689400000,tt2078693,Drama,100.0,5.8,469.0
B1500554400000,tt3447830,Comedy,90.0,4.7,144.0
B1500591500000,tt4911404,"Drama,Thriller",99.0,6.0,273.0
B1500572900000,tt5480816,"Action,Adventure,Animation",88.0,7.4,59.0
B1500843400000,tt4549746,Drama,71.0,6.1,117.0
B1500873900000,tt4690052,"Horror,Thriller",106.0,5.0,326.0
B1600100300000,tt5341056,"Adventure,Family,Mystery",90.0,5.5,460.0
B1500585100000,tt3742378,"Comedy,Drama",112.0,7.8,19176.0
B1500899800000,tt5026038,"Action,Adventure,Drama",87.0,5.4,623.0
B1600036800000,tt21307846,Romance,142.0,,
B1700162000000,tt5713208,"Comedy,Romance",90.0,6.1,132.0
B1700386500000,tt6791886,Comedy,106.0,5.4,2230.0
B1600680100000,tt4875150,"Biography,Drama,Music",110.0,6.7,2256.0
B1600567900000,tt5786508,Comedy,100.0,6.5,829.0
B1700011500000,tt7804254,"Adventure,Animation,Family",77.0,7.8,108.0
B1700177700000,tt6853930,"Comedy,Family",96.0,5.3,391.0
B1600564100000,tt4129802,Drama,90.0,6.4,181.0
B1700353800000,tt7504268,"Crime,Drama,Mystery",90.0,5.8,173.0
B1700119200000,tt5631456,Drama,102.0,7.2,2426.0
B1700395900000,tt5909218,Comedy,83.0,4.4,152.0
B1700109600000,tt5649480,Comedy,140.0,3.9,140.0
B1700571300000,tt3660682,"Comedy,Drama",95.0,6.0,91.0
B1700600100000,tt8157400,"Biography,Drama",116.0,6.5,625.0
B1700168200000,tt6230488,Comedy,83.0,4.4,223.0
B1700260300000,tt8660600,"Drama,Thriller",104.0,6.0,274.0
B1700052200000,tt6566878,Thriller,78.0,4.8,75.0
B1700513700000,tt5991954,"Biography,Crime,Drama",98.0,6.5,787.0
B1800202100000,tt13223014,Documentary,,,
B1700480900000,tt3409848,"Drama,History",115.0,6.7,7697.0
B1800089700000,tt7524558,"Comedy,Romance",95.0,5.2,143.0
B1900019800000,tt7120018,Mystery,97.0,5.3,155.0
B1800130000000,tt2179155,"Comedy,Drama,Family",87.0,4.5,258.0
B1800166700000,tt7959390,Drama,91.0,6.0,75.0
B1800106900000,tt5707048,"Comedy,Drama",95.0,7.1,1777.0
B1900048500000,tt8716800,"Family,Music,Romance",95.0,4.7,1580.0
B1800607100000,tt9825916,Documentary,76.0,7.9,44.0
B1800216200000,tt7385582,Comedy,90.0,6.5,81.0
B1900005600000,tt7388700,Documentary,109.0,7.6,7.0
B1800502000000,tt12490110,"Comedy,Sport",95.0,7.2,120.0
B1800279000000,tt10953126,"Drama,History",96.0,6.4,53.0
B1800269200000,tt7867358,Comedy,87.0,5.4,188.0
B1800307900000,tt8837044,Comedy,104.0,5.4,561.0
B1800000800000,tt3096782,Drama,105.0,5.2,687.0
B1800115600000,tt6852272,"Comedy,Romance",115.0,6.1,227.0
B1800307200000,tt8506788,"Comedy,Drama,Romance",106.0,6.4,612.0
B1800410600000,tt9303696,Comedy,100.0,5.4,79.0
B1900240000000,tt14220888,Drama,106.0,5.8,42.0
B1900232600000,tt2762506,"Action,Adventure,Drama",131.0,7.3,34523.0
B2000006000000,tt8933992,Comedy,90.0,5.3,73.0
B1900075800000,tt10615452,"Comedy,Drama,Romance",95.0,6.2,101.0
B2000006700000,tt7825208,"Action,Biography,Drama",155.0,7.1,56844.0
B1900341900000,tt8390616,Romance,102.0,6.5,174.0
B1900572800000,tt9482968,Drama,87.0,6.5,35.0
B1900042200000,tt12733422,Documentary,83.0,5.6,9.0
B1900508000000,tt6977632,"Biography,Drama,Music",101.0,6.8,138.0
B1900417800000,tt12116556,Documentary,86.0,7.9,21.0
B1900439300000,tt2094955,"Horror,Mystery,Thriller",82.0,5.2,236.0
B1900235500000,tt8169552,"Adventure,Family",97.0,7.1,2717.0
B1900486900000,tt12659790,Drama,89.0,7.1,36.0
B1900454200000,tt7893570,"Comedy,Drama",92.0,6.8,178.0
B1900380000000,tt7659918,Drama,107.0,5.4,238.0
B2000440700000,tt13333998,"Crime,Thriller",85.0,5.5,104.0
B2000240300000,tt10930820,"Comedy,Fantasy",88.0,5.8,138.0
B2000047900000,tt14488200,Drama,99.0,6.1,69.0
B2000042800000,tt9000454,Drama,110.0,6.6,46.0
B2000360900000,tt14415376,"Animation,Family",,7.7,46.0
B2000127500000,tt21994096,Drama,106.0,6.0,166.0
B2000163800000,tt3583336,"Comedy,Drama",87.0,5.7,137.0
B2000340700000,tt22052958,Thriller,110.0,7.4,10.0
B2000065800000,tt14760682,"Adventure,Animation,Comedy",93.0,6.0,149.0
B2100115300000,tt9090636,Drama,107.0,6.3,124.0
B2100433800000,tt13886712,"Fantasy,Sci-Fi",99.0,5.5,297.0
B2100408300000,tt15132028,Drama,121.0,7.0,2153.0
B2100027200000,tt13935904,Documentary,98.0,7.8,20.0
B2100070100000,tt9463434,"Crime,Mystery,Thriller",96.0,6.2,257.0
B2100017600000,tt14169880,Documentary,94.0,,
B2200102500000,tt12373534,Drama,133.0,6.3,26.0
B2200375000000,tt26786982,Documentary,123.0,8.5,68.0
B2200202000000,tt21812030,Comedy,120.0,6.7,27.0
B2200050700000,tt19379004,"Adventure,Animation,Family",78.0,8.4,66.0
B2200065900000,tt11281142,Comedy,98.0,6.0,231.0
B2200347700000,tt28697115,"Action,Crime,Drama",115.0,4.8,41.0
B2300247700000,tt13254306,"Drama,Romance",105.0,6.9,36.0
B2300468900000,tt29808331,Drama,97.0,7.5,25.0
B2300408500000,tt12530442,Drama,80.0,6.3,20.0
B2300375400000,tt32658488,"Drama,Family,Fantasy",80.0,4.1,218.0
B0700727000000,tt1111953,Documentary,76.0,,
B1201590900000,tt4788844,Drama,75.0,7.8,18.0
B1800001000000,tt7754564,Documentary,81.0,7.1,320.0
B1700339700000,tt6713562,"Adventure,Animation,Comedy",90.0,7.0,223.0
B1700184000000,tt5741770,History,100.0,,
B1700584300000,tt9365634,"Crime,Drama,Romance",98.0,7.7,346.0
B1800132900000,tt7925066,Drama,117.0,6.6,1283.0
B1301968400000,tt3102382,"Drama,Romance",84.0,5.9,197.0
B1500113300000,tt2362770,"Drama,Romance",96.0,6.1,100.0
B1402192700000,tt2355936,Drama,89.0,5.3,115.0
B1402146300000,tt2199543,"Drama,Romance",106.0,6.3,3642.0
B1600245600000,tt5457252,Drama,85.0,6.1,118.0
B1500818400000,tt5338992,Documentary,76.0,6.7,52.0
B1500651700000,tt3583538,"Drama,Horror,Thriller",104.0,5.8,826.0
B1600033400000,tt4400360,Drama,124.0,5.8,638.0
B1500868700000,tt3753384,"Drama,Mystery,Romance",99.0,7.2,57.0
B1500778300000,tt4358196,Comedy,92.0,5.4,416.0
B1600043800000,tt4809638,Comedy,107.0,5.5,906.0
B1700402100000,tt13739990,Drama,90.0,7.3,7.0
B1700028400000,tt5340590,Comedy,75.0,6.4,64.0
B1600564300000,tt4659964,"Adventure,Romance",100.0,6.7,70.0
B1700477300000,tt7901878,"Comedy,Romance",108.0,5.8,256.0
B1800029600000,tt10062650,"Drama,Thriller",99.0,5.7,95.0
B1700405200000,tt6206880,Drama,110.0,6.6,341.0
B1800262800000,tt5932706,Drama,98.0,6.8,103.0
B1800556100000,tt9853264,"Comedy,Drama",104.0,6.2,97.0
B1800445100000,tt6522668,"Comedy,Drama,Fantasy",96.0,6.3,3320.0
B1800300700000,tt8903368,Documentary,77.0,7.6,17.0
B1900019900000,tt7234048,"Comedy,Drama",97.0,6.0,35.0
B1800346100000,tt5230380,"Crime,Drama,Horror",112.0,5.8,713.0
B1800187200000,tt5553810,Drama,84.0,7.0,333.0
B1800285700000,tt8696442,"Comedy,Music",115.0,4.7,414.0
B1900588900000,tt13468144,Documentary,80.0,8.2,5.0
B2000102800000,tt14813842,"Drama,Sport",91.0,6.7,109.0
B2000277900000,tt4914486,Comedy,87.0,5.4,27.0
B2100282100000,tt13841708,Drama,91.0,6.5,164.0
B2100408100000,tt13350988,Drama,99.0,6.1,342.0
B2100536000000,tt14317018,"Adventure,Animation,Comedy",94.0,8.2,106.0
B1700249500000,tt4524676,"Adventure,War",93.0,6.4,205.0
B1700596400000,tt8301540,Drama,102.0,6.7,92.0
B1600708000000,tt5657776,Drama,92.0,6.2,704.0
B1600420900000,tt6032376,Drama,94.0,6.6,172.0
B1700307900000,tt6388464,"Drama,Horror",92.0,6.2,217.0
B1700222300000,tt8310490,Drama,109.0,5.9,36.0
B1700509000000,tt6682182,Drama,105.0,7.8,45.0
B1700449500000,tt7368464,Documentary,72.0,6.3,37.0
B1700112000000,tt6474626,Drama,94.0,6.1,1035.0
B1700305400000,tt6805354,"Adventure,Biography,Drama",131.0,7.0,1553.0
B1700104200000,tt6368132,"Drama,Romance",108.0,6.2,608.0
B1700501700000,tt7768800,Drama,122.0,5.9,172.0
B1900027100000,tt11075392,Drama,98.0,5.9,115.0
B1800092400000,tt9077744,Drama,110.0,6.7,51.0
B1800097300000,tt6678876,Drama,98.0,5.8,160.0
B1800204300000,tt8169178,Drama,94.0,6.4,148.0
B1900486200000,tt10603466,"Drama,Mystery,Thriller",98.0,6.8,769.0
B1900263400000,tt9095296,Drama,98.0,6.2,154.0
B1900381200000,tt13529064,Documentary,93.0,7.2,37.0
B1900148000000,tt6217294,Documentary,81.0,,
B1900545200000,tt10507176,Drama,122.0,5.4,155.0
B1900172900000,tt10394738,"Biography,Documentary",97.0,7.5,8582.0
B1900205500000,tt26915573,Documentary,110.0,,
B1900235800000,tt13509378,Drama,110.0,5.5,13.0
B1900299800000,tt10090744,"Drama,Sport",92.0,6.2,116.0
B1900425300000,tt6363696,Drama,99.0,7.1,85.0
B1900484900000,tt14658418,Documentary,92.0,,
B1900381500000,tt10222752,"Drama,Mystery,Romance",104.0,5.0,183.0
B1900597200000,tt11275354,"Drama,Western",97.0,7.5,207.0
B1900035900000,tt10626704,Documentary,86.0,8.1,11.0
B1900623600000,tt7811018,"Drama,Fantasy",115.0,6.0,246.0
B1900272800000,tt15645590,Documentary,109.0,,
B2000263300000,tt13518332,Documentary,88.0,6.8,23.0
B2000338900000,tt11713638,Drama,93.0,6.3,49.0
B2000297200000,tt13399704,Documentary,76.0,6.7,34.0
B2000177900000,tt13787584,Documentary,81.0,6.8,21.0
B2000313600000,tt9790536,Drama,260.0,6.8,69.0
B2000076800000,tt17550726,"Crime,Documentary,Drama",153.0,6.6,389.0
B2000319500000,tt13343624,Documentary,114.0,6.2,32.0
B2000361300000,tt11747746,Documentary,79.0,6.2,21.0
B2000346300000,tt21220950,Drama,94.0,6.6,13.0
B2000044900000,tt13455606,Documentary,89.0,7.0,44.0
B2000473600000,tt11719648,Drama,110.0,6.4,1558.0
B2100105600000,tt15529106,Drama,77.0,6.6,50.0
B2100027500000,tt11724700,Drama,114.0,6.6,21.0
B2200214700000,tt23132884,"Biography,Documentary",177.0,7.9,10.0
B2200023200000,tt23830272,Drama,85.0,6.4,14.0
B2200132800000,tt17154156,"Biography,Documentary",105.0,7.7,38.0
B2300031800000,tt32146385,Animation,75.0,7.5,20.0
B2200004100000,tt28242352,Drama,75.0,6.9,13.0
B2200295300000,tt22052704,Drama,,6.9,13.0
B2200297400000,tt23744594,Documentary,97.0,6.8,12.0
B2300051700000,tt14113574,Drama,100.0,6.6,302.0
B2300041800000,tt28582081,"Comedy,Drama",98.0,7.2,250.0
B1800115900000,tt6093428,Drama,85.0,6.5,80.0
B1900322000000,tt9640694,Drama,58.0,5.3,9.0
B1900541900000,tt9648372,"Adventure,Drama,Fantasy",75.0,5.5,242.0
B2100148000000,tt9619150,Drama,137.0,7.1,327.0
B2200208200000,tt11958732,Drama,88.0,6.4,20.0
B2100120000000,tt2050452,Drama,120.0,6.1,569.0
B2100277700000,tt15476398,Comedy,80.0,6.1,106.0
B2100119800000,tt16951574,Drama,73.0,6.4,54.0
B2100472800000,tt12144262,Drama,104.0,6.8,337.0
B1900209700000,tt5622284,"Comedy,Drama",97.0,7.2,462.0
B2000142400000,tt12238030,Drama,100.0,,
B2000484500000,tt11106034,Drama,95.0,7.1,75.0
B2000461200000,tt11111232,Drama,95.0,7.1,424.0
B2200250200000,tt17370648,Drama,91.0,6.7,353.0
B2200012900000,tt26414360,Drama,77.0,6.8,15.0
B2300179900000,tt32748576,Drama,92.0,,
B1900300800000,tt13644212,Drama,89.0,7.6,5.0
B2000141100000,tt30816262,"Adventure,Animation,Family",86.0,6.2,13.0
B2000100300000,tt8178798,"Adventure,Mystery,Sci-Fi",95.0,6.2,47.0
B2000378500000,tt16381136,Adventure,74.0,7.5,15.0
B2000202100000,tt15094520,Family,80.0,,
B2100262500000,tt22698554,Fantasy,90.0,7.4,13.0
B2200149500000,tt16085692,"Family,Fantasy,Musical",76.0,5.5,103.0
B1900050700000,tt11183738,,99.0,5.4,10.0
B1900059200000,tt13520902,Drama,88.0,8.2,14.0
B1900307100000,tt9646768,Drama,121.0,7.1,422.0
B1900410500000,tt10785310,"Comedy,Drama",94.0,6.4,654.0
B2000386800000,tt13229850,Drama,86.0,7.5,266.0
B2000312900000,tt16377816,Drama,115.0,7.4,2604.0
B2000402100000,tt12069948,Drama,74.0,6.8,75.0
B1800515000000,tt8423962,Drama,114.0,6.8,884.0
B1800150600000,tt10451324,Documentary,92.0,,
B1900203000000,tt9843402,Documentary,110.0,6.8,231.0
B1900189800000,tt34822428,Documentary,90.0,,
B1900093600000,tt9786006,Documentary,86.0,7.7,955.0
B1900623300000,tt15661230,Documentary,107.0,8.0,9.0
B2200361800000,tt28514935,"Biography,Documentary",102.0,,
B2300366600000,tt28269344,Documentary,,,
B2200442800000,tt13846494,"Fantasy,Horror,Thriller",132.0,5.7,984.0
B2300440300000,tt23329940,Drama,85.0,6.5,46.0
B2300345600000,tt15263366,Horror,,,
B2300484100000,tt31487448,Documentary,108.0,6.6,42.0
B2300130000000,tt14797230,"Comedy,Drama",117.0,7.2,50.0
B2300165900000,tt11301546,Drama,94.0,5.8,513.0
B1900363600000,tt9805984,Drama,84.0,6.6,16.0
B2000484000000,tt11150646,Comedy,95.0,6.0,197.0
B2200393900000,tt13147622,Documentary,71.0,6.9,42.0
B2300472200000,tt29002719,"Comedy,Music",90.0,3.9,760.0
B2300418000000,tt18560202,"Biography,Comedy,Drama",116.0,7.3,1233.0
B2300109700000,tt37677818,Documentary,52.0,,
